"id_infraestructura","id_region","mes","distribucion","capacidad"
1,44,"ENERO",101.75,401.05
2,38,"ENERO",101.75,401.05
3,47,"ENERO",101.75,401.05
4,42,"ENERO",101.75,401.05
5,41,"ENERO",101.75,401.05
6,51,"ENERO",93.44,366.07
7,50,"ENERO",93.44,366.07
8,49,"ENERO",93.44,366.07
9,48,"ENERO",93.44,366.07
10,52,"ENERO",93.44,366.07
11,53,"ENERO",93.44,262.41
12,54,"ENERO",93.44,262.41
13,55,"ENERO",93.44,262.41
14,57,"ENERO",93.44,262.41
15,56,"ENERO",93.44,262.41
16,59,"ENERO",95.44,401.05
17,58,"ENERO",95.44,401.05
18,62,"ENERO",95.44,401.05
19,63,"ENERO",95.44,401.05
20,66,"ENERO",147.01,352.76
21,1524,"ENERO",147.01,352.76
22,1241,"ENERO",147.01,352.76
23,1731,"ENERO",147.01,352.76
24,1242,"ENERO",147.01,352.76
25,84,"ENERO",147.01,352.76
26,147,"ENERO",75.79,410.85
27,168,"ENERO",75.79,410.85
28,165,"ENERO",75.79,410.85
29,156,"ENERO",75.79,410.85
30,1723,"ENERO",75.79,410.85
31,177,"ENERO",63.15,410.85
32,179,"ENERO",63.15,410.85
33,181,"ENERO",89.49,410.85
34,181,"ENERO",63.15,410.85
35,184,"ENERO",70.09,410.85
36,171,"ENERO",70.09,410.85
37,193,"ENERO",60.03,410.85
38,212,"ENERO",101.75,401.05
39,213,"ENERO",60.03,410.85
40,185,"ENERO",75.79,410.85
41,219,"ENERO",60.03,410.85
42,231,"ENERO",161.46,400.89
43,224,"ENERO",161.46,400.89
44,223,"ENERO",161.46,400.89
45,228,"ENERO",161.46,400.89
46,232,"ENERO",161.46,400.89
47,254,"ENERO",75.79,410.85
48,262,"ENERO",75.79,410.85
49,248,"ENERO",75.79,410.85
50,261,"ENERO",75.79,410.85
51,240,"ENERO",75.79,410.85
52,1996,"ENERO",229.58,373.12
53,1257,"ENERO",70.09,410.85
54,1349,"ENERO",229.58,373.12
55,1252,"ENERO",70.09,410.85
56,1352,"ENERO",229.58,373.12
57,340,"ENERO",101.75,401.05
58,328,"ENERO",101.75,401.05
59,362,"ENERO",101.75,401.05
60,355,"ENERO",101.75,401.05
61,371,"ENERO",101.75,401.05
62,390,"ENERO",229.58,373.12
63,414,"ENERO",229.58,373.12
64,374,"ENERO",155.26,397.32
65,375,"ENERO",229.58,373.12
66,380,"ENERO",229.58,373.12
67,408,"ENERO",229.58,373.12
68,443,"ENERO",155.26,397.32
69,442,"ENERO",155.26,397.32
70,471,"ENERO",129.27,401.05
71,1548,"ENERO",129.27,401.05
72,1284,"ENERO",129.27,401.05
73,1606,"ENERO",166.57,401.05
74,543,"ENERO",166.57,401.05
75,1904,"ENERO",166.57,401.05
76,1292,"ENERO",166.57,401.05
77,514,"ENERO",166.57,401.05
78,1574,"ENERO",161.46,400.89
79,565,"ENERO",161.46,400.89
80,555,"ENERO",161.46,400.89
81,1621,"ENERO",161.46,400.89
82,550,"ENERO",161.46,400.89
83,616,"ENERO",229.58,373.12
84,608,"ENERO",229.58,373.12
85,615,"ENERO",229.58,373.12
86,605,"ENERO",229.58,373.12
87,610,"ENERO",229.58,373.12
88,651,"ENERO",166.57,401.05
89,653,"ENERO",166.57,401.05
90,654,"ENERO",166.57,401.05
91,645,"ENERO",166.57,401.05
92,657,"ENERO",166.57,401.05
93,670,"ENERO",60.03,410.85
94,665,"ENERO",60.03,410.85
95,688,"ENERO",60.03,410.85
96,681,"ENERO",60.03,410.85
97,671,"ENERO",60.03,410.85
98,2069,"ENERO",147.01,352.76
99,2249,"ENERO",147.01,352.76
100,738,"ENERO",147.01,352.76
101,1807,"ENERO",147.01,352.76
102,2442,"ENERO",147.01,352.76
103,809,"ENERO",155.26,397.32
104,2505,"ENERO",155.26,397.32
105,1671,"ENERO",155.26,397.32
106,1440,"ENERO",210.41,368.12
107,2495,"ENERO",210.41,368.12
108,828,"ENERO",101.75,401.05
109,815,"ENERO",129.27,401.05
110,819,"ENERO",101.75,401.05
111,823,"ENERO",129.27,401.05
112,818,"ENERO",101.75,401.05
113,841,"ENERO",95.44,401.05
114,840,"ENERO",95.44,401.05
115,835,"ENERO",95.44,401.05
116,831,"ENERO",95.44,401.05
117,838,"ENERO",95.44,401.05
118,871,"ENERO",129.27,401.05
119,1677,"ENERO",129.27,401.05
120,845,"ENERO",129.27,401.05
121,853,"ENERO",129.27,401.05
122,878,"ENERO",129.27,401.05
123,899,"ENERO",94.27,401.05
124,901,"ENERO",94.27,401.05
125,894,"ENERO",94.27,401.05
126,893,"ENERO",94.27,401.05
127,908,"ENERO",94.27,401.05
128,956,"ENERO",94.27,401.05
129,946,"ENERO",94.27,401.05
130,915,"ENERO",94.27,401.05
131,1681,"ENERO",94.27,401.05
132,955,"ENERO",94.27,401.05
133,969,"ENERO",147.01,352.76
134,967,"ENERO",147.01,352.76
135,978,"ENERO",147.01,352.76
136,968,"ENERO",147.01,352.76
137,970,"ENERO",147.01,352.76
138,990,"ENERO",129.27,401.05
139,1019,"ENERO",129.27,401.05
140,980,"ENERO",129.27,401.05
141,1014,"ENERO",129.27,401.05
142,989,"ENERO",129.27,401.05
143,1863,"ENERO",155.26,397.32
144,1039,"ENERO",155.26,397.32
145,1864,"ENERO",155.26,397.32
146,1071,"ENERO",155.26,397.32
147,1070,"ENERO",155.26,397.32
148,1080,"ENERO",210.41,368.12
149,1109,"ENERO",210.41,368.12
150,1881,"ENERO",210.41,368.12
151,2603,"ENERO",210.41,368.12
152,2584,"ENERO",210.41,368.12
153,1166,"ENERO",95.44,401.05
154,1709,"ENERO",95.44,401.05
155,2676,"ENERO",95.44,401.05
156,1515,"ENERO",95.44,401.05
157,2667,"ENERO",95.44,401.05
158,1224,"ENERO",101.75,401.05
159,1223,"ENERO",101.75,401.05
160,1197,"ENERO",101.75,401.05
161,1213,"ENERO",101.75,401.05
162,1214,"ENERO",166.57,401.05
163,1196,"ENERO",101.75,401.05
164,46,"FEBRERO",101.75,403.37
165,45,"FEBRERO",101.75,403.37
166,43,"FEBRERO",101.75,403.37
167,37,"FEBRERO",101.75,403.37
168,44,"FEBRERO",101.75,403.37
169,51,"FEBRERO",93.44,368.19
170,50,"FEBRERO",93.44,368.19
171,49,"FEBRERO",93.44,368.19
172,48,"FEBRERO",93.44,368.19
173,52,"FEBRERO",93.44,368.19
174,53,"FEBRERO",93.44,263.93
175,54,"FEBRERO",93.44,263.93
176,55,"FEBRERO",93.44,263.93
177,57,"FEBRERO",93.44,263.93
178,56,"FEBRERO",93.44,263.93
179,59,"FEBRERO",95.44,403.37
180,60,"FEBRERO",95.44,403.37
181,62,"FEBRERO",95.44,403.37
182,61,"FEBRERO",95.44,403.37
183,68,"FEBRERO",95.44,403.37
184,1581,"FEBRERO",147.01,354.81
185,1776,"FEBRERO",147.01,354.81
186,1529,"FEBRERO",147.01,354.81
187,86,"FEBRERO",147.01,354.81
188,1237,"FEBRERO",147.01,354.81
189,1723,"FEBRERO",75.79,413.22
190,137,"FEBRERO",75.79,413.22
191,139,"FEBRERO",75.79,413.22
192,129,"FEBRERO",75.79,413.22
193,141,"FEBRERO",75.79,413.22
194,184,"FEBRERO",70.09,413.22
195,171,"FEBRERO",70.09,413.22
196,178,"FEBRERO",63.15,413.22
197,174,"FEBRERO",70.09,413.22
198,179,"FEBRERO",63.15,413.22
199,188,"FEBRERO",60.03,413.22
200,222,"FEBRERO",60.03,413.22
201,193,"FEBRERO",60.03,413.22
202,205,"FEBRERO",60.03,413.22
203,218,"FEBRERO",60.03,413.22
204,226,"FEBRERO",161.46,403.21
205,225,"FEBRERO",161.46,403.21
206,223,"FEBRERO",161.46,403.21
207,231,"FEBRERO",161.46,403.21
208,228,"FEBRERO",161.46,403.21
209,240,"FEBRERO",75.79,413.22
210,265,"FEBRERO",75.79,413.22
211,234,"FEBRERO",75.79,413.22
212,248,"FEBRERO",75.79,413.22
213,239,"FEBRERO",75.79,413.22
214,297,"FEBRERO",70.09,413.22
215,289,"FEBRERO",229.58,375.28
216,1266,"FEBRERO",229.58,375.28
217,296,"FEBRERO",89.49,413.22
218,1992,"FEBRERO",89.49,413.22
219,353,"FEBRERO",101.75,403.37
220,363,"FEBRERO",101.75,403.37
221,339,"FEBRERO",101.75,403.37
222,368,"FEBRERO",101.75,403.37
223,362,"FEBRERO",101.75,403.37
224,396,"FEBRERO",161.46,403.21
225,397,"FEBRERO",229.58,375.28
226,1360,"FEBRERO",229.58,375.28
227,414,"FEBRERO",229.58,375.28
228,385,"FEBRERO",229.58,375.28
229,383,"FEBRERO",229.58,375.28
230,474,"FEBRERO",101.75,403.37
231,1788,"FEBRERO",129.27,403.37
232,436,"FEBRERO",101.75,403.37
233,437,"FEBRERO",155.26,399.63
234,1549,"FEBRERO",155.26,399.63
235,479,"FEBRERO",155.26,399.63
236,541,"FEBRERO",166.57,403.37
237,1796,"FEBRERO",166.57,403.37
238,1375,"FEBRERO",161.46,403.21
239,1376,"FEBRERO",161.46,403.21
240,520,"FEBRERO",161.46,403.21
241,521,"FEBRERO",161.46,403.21
242,1563,"FEBRERO",166.57,403.37
243,588,"FEBRERO",161.46,403.21
244,596,"FEBRERO",161.46,403.21
245,2036,"FEBRERO",161.46,403.21
246,1386,"FEBRERO",161.46,403.21
247,595,"FEBRERO",161.46,403.21
248,632,"FEBRERO",229.58,375.28
249,621,"FEBRERO",229.58,375.28
250,631,"FEBRERO",229.58,375.28
251,617,"FEBRERO",229.58,375.28
252,620,"FEBRERO",229.58,375.28
253,641,"FEBRERO",166.57,403.37
254,648,"FEBRERO",166.57,403.37
255,640,"FEBRERO",166.57,403.37
256,649,"FEBRERO",166.57,403.37
257,656,"FEBRERO",166.57,403.37
258,667,"FEBRERO",60.03,413.22
259,697,"FEBRERO",60.03,413.22
260,661,"FEBRERO",60.03,413.22
261,660,"FEBRERO",60.03,413.22
262,670,"FEBRERO",60.03,413.22
263,2170,"FEBRERO",147.01,354.81
264,2204,"FEBRERO",147.01,354.81
265,2053,"FEBRERO",147.01,354.81
266,2314,"FEBRERO",147.01,354.81
267,2389,"FEBRERO",147.01,354.81
268,2568,"FEBRERO",155.26,399.63
269,2569,"FEBRERO",210.41,370.25
270,809,"FEBRERO",155.26,399.63
271,781,"FEBRERO",155.26,399.63
272,1455,"FEBRERO",155.26,399.63
273,1456,"FEBRERO",210.41,370.25
274,1854,"FEBRERO",155.26,399.63
275,1855,"FEBRERO",210.41,370.25
276,820,"FEBRERO",101.75,403.37
277,825,"FEBRERO",101.75,403.37
278,815,"FEBRERO",129.27,403.37
279,826,"FEBRERO",101.75,403.37
280,813,"FEBRERO",101.75,403.37
281,836,"FEBRERO",95.44,403.37
282,841,"FEBRERO",95.44,403.37
283,835,"FEBRERO",95.44,403.37
284,840,"FEBRERO",95.44,403.37
285,837,"FEBRERO",95.44,403.37
286,1676,"FEBRERO",101.75,403.37
287,871,"FEBRERO",129.27,403.37
288,870,"FEBRERO",129.27,403.37
289,1461,"FEBRERO",129.27,403.37
290,882,"FEBRERO",129.27,403.37
291,910,"FEBRERO",94.27,403.37
292,895,"FEBRERO",94.27,403.37
293,896,"FEBRERO",166.57,403.37
294,897,"FEBRERO",94.27,403.37
295,898,"FEBRERO",94.27,403.37
296,894,"FEBRERO",94.27,403.37
297,951,"FEBRERO",94.27,403.37
298,933,"FEBRERO",94.27,403.37
299,1466,"FEBRERO",94.27,403.37
300,942,"FEBRERO",94.27,403.37
301,1463,"FEBRERO",94.27,403.37
302,970,"FEBRERO",147.01,354.81
303,968,"FEBRERO",147.01,354.81
304,976,"FEBRERO",147.01,354.81
305,969,"FEBRERO",147.01,354.81
306,961,"FEBRERO",147.01,354.81
307,993,"FEBRERO",129.27,403.37
308,1001,"FEBRERO",129.27,403.37
309,982,"FEBRERO",129.27,403.37
310,981,"FEBRERO",129.27,403.37
311,995,"FEBRERO",129.27,403.37
312,1058,"FEBRERO",155.26,399.63
313,1057,"FEBRERO",155.26,399.63
314,1059,"FEBRERO",155.26,399.63
315,1026,"FEBRERO",155.26,399.63
316,1044,"FEBRERO",155.26,399.63
317,2623,"FEBRERO",210.41,370.25
318,1870,"FEBRERO",210.41,370.25
319,1704,"FEBRERO",210.41,370.25
320,2600,"FEBRERO",210.41,370.25
321,2594,"FEBRERO",210.41,370.25
322,1888,"FEBRERO",95.44,403.37
323,2673,"FEBRERO",95.44,403.37
324,2668,"FEBRERO",95.44,403.37
325,1128,"FEBRERO",95.44,403.37
326,1142,"FEBRERO",95.44,403.37
327,1183,"FEBRERO",101.75,403.37
328,1222,"FEBRERO",101.75,403.37
329,1187,"FEBRERO",101.75,403.37
330,1209,"FEBRERO",101.75,403.37
331,1178,"FEBRERO",101.75,403.37
332,37,"MARZO",101.75,408.46
333,38,"MARZO",101.75,408.46
334,47,"MARZO",101.75,408.46
335,41,"MARZO",101.75,408.46
336,45,"MARZO",101.75,408.46
337,51,"MARZO",93.44,372.83
338,50,"MARZO",93.44,372.83
339,49,"MARZO",93.44,372.83
340,48,"MARZO",93.44,372.83
341,52,"MARZO",93.44,372.83
342,53,"MARZO",93.44,267.26
343,54,"MARZO",93.44,267.26
344,55,"MARZO",93.44,267.26
345,57,"MARZO",93.44,267.26
346,56,"MARZO",93.44,267.26
347,65,"MARZO",95.44,408.46
348,59,"MARZO",95.44,408.46
349,58,"MARZO",95.44,408.46
350,68,"MARZO",95.44,408.46
351,62,"MARZO",95.44,408.46
352,1241,"MARZO",147.01,359.28
353,94,"MARZO",147.01,359.28
354,1729,"MARZO",147.01,359.28
355,1734,"MARZO",147.01,359.28
356,1320,"MARZO",147.01,359.28
357,165,"MARZO",75.79,418.44
358,139,"MARZO",75.79,418.44
359,1722,"MARZO",75.79,418.44
360,157,"MARZO",75.79,418.44
361,1322,"MARZO",75.79,418.44
362,181,"MARZO",89.49,418.44
363,181,"MARZO",63.15,418.44
364,174,"MARZO",70.09,418.44
365,169,"MARZO",63.15,418.44
366,184,"MARZO",70.09,418.44
367,183,"MARZO",70.09,418.44
368,195,"MARZO",60.03,418.44
369,200,"MARZO",60.03,418.44
370,206,"MARZO",60.03,418.44
371,185,"MARZO",75.79,418.44
372,190,"MARZO",60.03,418.44
373,228,"MARZO",161.46,408.3
374,230,"MARZO",161.46,408.3
375,224,"MARZO",161.46,408.3
376,232,"MARZO",161.46,408.3
377,223,"MARZO",161.46,408.3
378,266,"MARZO",75.79,418.44
379,245,"MARZO",75.79,418.44
380,260,"MARZO",75.79,418.44
381,264,"MARZO",75.79,418.44
382,243,"MARZO",75.79,418.44
383,1588,"MARZO",70.09,418.44
384,1356,"MARZO",70.09,418.44
385,1539,"MARZO",89.49,418.44
386,300,"MARZO",70.09,418.44
387,312,"MARZO",89.49,418.44
388,331,"MARZO",101.75,408.46
389,334,"MARZO",101.75,408.46
390,368,"MARZO",101.75,408.46
391,323,"MARZO",101.75,408.46
392,329,"MARZO",101.75,408.46
393,417,"MARZO",229.58,380.01
394,1268,"MARZO",229.58,380.01
395,1361,"MARZO",229.58,380.01
396,1546,"MARZO",229.58,380.01
397,1783,"MARZO",229.58,380.01
398,1601,"MARZO",101.75,408.46
399,1363,"MARZO",101.75,408.46
400,474,"MARZO",101.75,408.46
401,1286,"MARZO",101.75,408.46
402,1283,"MARZO",155.26,404.67
403,499,"MARZO",101.75,408.46
404,500,"MARZO",161.46,408.3
405,538,"MARZO",166.57,408.46
406,1296,"MARZO",101.75,408.46
407,1796,"MARZO",166.57,408.46
408,544,"MARZO",166.57,408.46
409,584,"MARZO",161.46,408.3
410,1407,"MARZO",161.46,408.3
411,2035,"MARZO",161.46,408.3
412,563,"MARZO",161.46,408.3
413,2029,"MARZO",161.46,408.3
414,621,"MARZO",229.58,380.01
415,629,"MARZO",229.58,380.01
416,637,"MARZO",229.58,380.01
417,622,"MARZO",229.58,380.01
418,613,"MARZO",229.58,380.01
419,641,"MARZO",166.57,408.46
420,652,"MARZO",166.57,408.46
421,639,"MARZO",166.57,408.46
422,643,"MARZO",166.57,408.46
423,653,"MARZO",166.57,408.46
424,707,"MARZO",60.03,418.44
425,683,"MARZO",60.03,418.44
426,696,"MARZO",60.03,418.44
427,676,"MARZO",60.03,418.44
428,680,"MARZO",60.03,418.44
429,2164,"MARZO",147.01,359.28
430,1919,"MARZO",147.01,359.28
431,2405,"MARZO",147.01,359.28
432,2207,"MARZO",210.41,374.92
433,2326,"MARZO",147.01,359.28
434,1445,"MARZO",155.26,404.67
435,767,"MARZO",155.26,404.67
436,1673,"MARZO",210.41,374.92
437,2515,"MARZO",210.41,374.92
438,1848,"MARZO",155.26,404.67
439,825,"MARZO",101.75,408.46
440,822,"MARZO",101.75,408.46
441,826,"MARZO",101.75,408.46
442,814,"MARZO",101.75,408.46
443,820,"MARZO",101.75,408.46
444,836,"MARZO",95.44,408.46
445,841,"MARZO",95.44,408.46
446,832,"MARZO",95.44,408.46
447,840,"MARZO",95.44,408.46
448,834,"MARZO",95.44,408.46
449,882,"MARZO",129.27,408.46
450,863,"MARZO",101.75,408.46
451,1676,"MARZO",101.75,408.46
452,887,"MARZO",129.27,408.46
453,873,"MARZO",101.75,408.46
454,898,"MARZO",94.27,408.46
455,893,"MARZO",94.27,408.46
456,907,"MARZO",94.27,408.46
457,908,"MARZO",94.27,408.46
458,902,"MARZO",94.27,408.46
459,937,"MARZO",94.27,408.46
460,959,"MARZO",94.27,408.46
461,925,"MARZO",94.27,408.46
462,943,"MARZO",94.27,408.46
463,954,"MARZO",94.27,408.46
464,978,"MARZO",147.01,359.28
465,962,"MARZO",210.41,374.92
466,963,"MARZO",147.01,359.28
467,974,"MARZO",147.01,359.28
468,977,"MARZO",147.01,359.28
469,966,"MARZO",147.01,359.28
470,991,"MARZO",129.27,408.46
471,1003,"MARZO",129.27,408.46
472,1020,"MARZO",129.27,408.46
473,999,"MARZO",60.03,418.44
474,1000,"MARZO",129.27,408.46
475,1035,"MARZO",155.26,404.67
476,1684,"MARZO",155.26,404.67
477,1040,"MARZO",155.26,404.67
478,1028,"MARZO",155.26,404.67
479,1064,"MARZO",155.26,404.67
480,1086,"MARZO",210.41,374.92
481,2651,"MARZO",210.41,374.92
482,2586,"MARZO",210.41,374.92
483,2589,"MARZO",210.41,374.92
484,2653,"MARZO",210.41,374.92
485,1885,"MARZO",95.44,408.46
486,1149,"MARZO",95.44,408.46
487,1891,"MARZO",95.44,408.46
488,2671,"MARZO",95.44,408.46
489,1175,"MARZO",95.44,408.46
490,1189,"MARZO",101.75,408.46
491,1186,"MARZO",101.75,408.46
492,1198,"MARZO",101.75,408.46
493,1522,"MARZO",101.75,408.46
494,1177,"MARZO",101.75,408.46
495,39,"ABRIL",101.75,408.47
496,44,"ABRIL",101.75,408.47
497,47,"ABRIL",101.75,408.47
498,37,"ABRIL",101.75,408.47
499,46,"ABRIL",101.75,408.47
500,51,"ABRIL",93.44,372.84
501,50,"ABRIL",93.44,372.84
502,49,"ABRIL",93.44,372.84
503,48,"ABRIL",93.44,372.84
504,52,"ABRIL",93.44,372.84
505,53,"ABRIL",93.44,267.26
506,54,"ABRIL",93.44,267.26
507,55,"ABRIL",93.44,267.26
508,57,"ABRIL",93.44,267.26
509,56,"ABRIL",93.44,267.26
510,66,"ABRIL",147.01,359.29
511,61,"ABRIL",95.44,408.47
512,62,"ABRIL",95.44,408.47
513,67,"ABRIL",95.44,408.47
514,64,"ABRIL",95.44,408.47
515,86,"ABRIL",147.01,359.29
516,1529,"ABRIL",147.01,359.29
517,1315,"ABRIL",147.01,359.29
518,73,"ABRIL",147.01,359.29
519,91,"ABRIL",147.01,359.29
520,120,"ABRIL",75.79,418.45
521,139,"ABRIL",75.79,418.45
522,138,"ABRIL",75.79,418.45
523,166,"ABRIL",75.79,418.45
524,121,"ABRIL",75.79,418.45
525,175,"ABRIL",70.09,418.45
526,183,"ABRIL",70.09,418.45
527,182,"ABRIL",89.49,418.45
528,182,"ABRIL",63.15,418.45
529,179,"ABRIL",63.15,418.45
530,173,"ABRIL",63.15,418.45
531,173,"ABRIL",70.09,418.45
532,204,"ABRIL",101.75,408.47
533,210,"ABRIL",60.03,418.45
534,201,"ABRIL",60.03,418.45
535,207,"ABRIL",60.03,418.45
536,217,"ABRIL",60.03,418.45
537,227,"ABRIL",161.46,408.31
538,225,"ABRIL",161.46,408.31
539,228,"ABRIL",161.46,408.31
540,226,"ABRIL",161.46,408.31
541,230,"ABRIL",161.46,408.31
542,251,"ABRIL",75.79,418.45
543,241,"ABRIL",75.79,418.45
544,263,"ABRIL",75.79,418.45
545,256,"ABRIL",75.79,418.45
546,242,"ABRIL",75.79,418.45
547,1993,"ABRIL",70.09,418.45
548,1535,"ABRIL",89.49,418.45
549,1254,"ABRIL",70.09,418.45
550,279,"ABRIL",229.58,380.02
551,1251,"ABRIL",70.09,418.45
552,368,"ABRIL",101.75,408.47
553,337,"ABRIL",101.75,408.47
554,365,"ABRIL",101.75,408.47
555,342,"ABRIL",101.75,408.47
556,343,"ABRIL",161.46,408.31
557,334,"ABRIL",101.75,408.47
558,416,"ABRIL",229.58,380.02
559,1273,"ABRIL",229.58,380.02
560,377,"ABRIL",229.58,380.02
561,1594,"ABRIL",229.58,380.02
562,1784,"ABRIL",229.58,380.02
563,1549,"ABRIL",155.26,404.68
564,1551,"ABRIL",129.27,408.47
565,1552,"ABRIL",129.27,408.47
566,433,"ABRIL",155.26,404.68
567,1365,"ABRIL",155.26,404.68
568,468,"ABRIL",155.26,404.68
569,540,"ABRIL",166.57,408.47
570,1370,"ABRIL",101.75,408.47
571,1300,"ABRIL",166.57,408.47
572,1374,"ABRIL",161.46,408.31
573,2017,"ABRIL",166.57,408.47
574,1616,"ABRIL",161.46,408.31
575,1617,"ABRIL",229.58,380.02
576,1391,"ABRIL",161.46,408.31
577,555,"ABRIL",161.46,408.31
578,559,"ABRIL",161.46,408.31
579,1400,"ABRIL",161.46,408.31
580,1401,"ABRIL",161.46,408.31
581,614,"ABRIL",229.58,380.02
582,610,"ABRIL",229.58,380.02
583,605,"ABRIL",229.58,380.02
584,621,"ABRIL",229.58,380.02
585,607,"ABRIL",229.58,380.02
586,652,"ABRIL",166.57,408.47
587,650,"ABRIL",166.57,408.47
588,641,"ABRIL",166.57,408.47
589,655,"ABRIL",166.57,408.47
590,639,"ABRIL",166.57,408.47
591,1409,"ABRIL",60.03,418.45
592,680,"ABRIL",60.03,418.45
593,691,"ABRIL",60.03,418.45
594,683,"ABRIL",60.03,418.45
595,688,"ABRIL",60.03,418.45
596,2323,"ABRIL",147.01,359.29
597,1427,"ABRIL",147.01,359.29
598,720,"ABRIL",147.01,359.29
599,1829,"ABRIL",147.01,359.29
600,2405,"ABRIL",147.01,359.29
601,1448,"ABRIL",155.26,404.68
602,2508,"ABRIL",155.26,404.68
603,807,"ABRIL",155.26,404.68
604,2544,"ABRIL",155.26,404.68
605,1655,"ABRIL",155.26,404.68
606,814,"ABRIL",101.75,408.47
607,828,"ABRIL",101.75,408.47
608,821,"ABRIL",101.75,408.47
609,817,"ABRIL",101.75,408.47
610,823,"ABRIL",129.27,408.47
611,841,"ABRIL",95.44,408.47
612,836,"ABRIL",95.44,408.47
613,834,"ABRIL",95.44,408.47
614,833,"ABRIL",95.44,408.47
615,832,"ABRIL",95.44,408.47
616,865,"ABRIL",129.27,408.47
617,882,"ABRIL",129.27,408.47
618,875,"ABRIL",129.27,408.47
619,850,"ABRIL",129.27,408.47
620,853,"ABRIL",129.27,408.47
621,893,"ABRIL",94.27,408.47
622,904,"ABRIL",94.27,408.47
623,908,"ABRIL",94.27,408.47
624,898,"ABRIL",94.27,408.47
625,910,"ABRIL",94.27,408.47
626,913,"ABRIL",94.27,408.47
627,921,"ABRIL",94.27,408.47
628,1472,"ABRIL",94.27,408.47
629,925,"ABRIL",94.27,408.47
630,920,"ABRIL",94.27,408.47
631,976,"ABRIL",147.01,359.29
632,970,"ABRIL",147.01,359.29
633,977,"ABRIL",147.01,359.29
634,973,"ABRIL",147.01,359.29
635,968,"ABRIL",147.01,359.29
636,992,"ABRIL",129.27,408.47
637,1014,"ABRIL",129.27,408.47
638,995,"ABRIL",129.27,408.47
639,997,"ABRIL",129.27,408.47
640,1010,"ABRIL",60.03,418.45
641,1060,"ABRIL",155.26,404.68
642,1682,"ABRIL",155.26,404.68
643,1026,"ABRIL",155.26,404.68
644,1864,"ABRIL",155.26,404.68
645,1473,"ABRIL",155.26,404.68
646,1699,"ABRIL",129.27,408.47
647,1700,"ABRIL",129.27,408.47
648,2571,"ABRIL",210.41,374.93
649,1082,"ABRIL",129.27,408.47
650,2643,"ABRIL",210.41,374.93
651,1102,"ABRIL",210.41,374.93
652,2673,"ABRIL",95.44,408.47
653,1171,"ABRIL",95.44,408.47
654,1148,"ABRIL",95.44,408.47
655,2672,"ABRIL",95.44,408.47
656,1129,"ABRIL",95.44,408.47
657,1180,"ABRIL",101.75,408.47
658,1224,"ABRIL",101.75,408.47
659,1894,"ABRIL",101.75,408.47
660,1186,"ABRIL",101.75,408.47
661,1178,"ABRIL",101.75,408.47
662,39,"MAYO",101.75,408.47
663,38,"MAYO",101.75,408.47
664,42,"MAYO",101.75,408.47
665,47,"MAYO",101.75,408.47
666,41,"MAYO",101.75,408.47
667,51,"MAYO",93.44,372.85
668,50,"MAYO",93.44,372.85
669,49,"MAYO",93.44,372.85
670,48,"MAYO",93.44,372.85
671,52,"MAYO",93.44,372.85
672,53,"MAYO",93.44,267.27
673,54,"MAYO",93.44,267.27
674,55,"MAYO",93.44,267.27
675,57,"MAYO",93.44,267.27
676,56,"MAYO",93.44,267.27
677,65,"MAYO",95.44,408.47
678,67,"MAYO",95.44,408.47
679,63,"MAYO",95.44,408.47
680,59,"MAYO",95.44,408.47
681,68,"MAYO",95.44,408.47
682,112,"MAYO",147.01,359.3
683,97,"MAYO",147.01,359.3
684,1718,"MAYO",147.01,359.3
685,99,"MAYO",147.01,359.3
686,1240,"MAYO",147.01,359.3
687,142,"MAYO",75.79,418.46
688,151,"MAYO",75.79,418.46
689,1245,"MAYO",75.79,418.46
690,163,"MAYO",75.79,418.46
691,121,"MAYO",75.79,418.46
692,181,"MAYO",89.49,418.46
693,181,"MAYO",63.15,418.46
694,183,"MAYO",70.09,418.46
695,176,"MAYO",70.09,418.46
696,172,"MAYO",89.49,418.46
697,172,"MAYO",63.15,418.46
698,174,"MAYO",70.09,418.46
699,203,"MAYO",60.03,418.46
700,213,"MAYO",60.03,418.46
701,205,"MAYO",60.03,418.46
702,219,"MAYO",60.03,418.46
703,185,"MAYO",75.79,418.46
704,227,"MAYO",161.46,408.31
705,228,"MAYO",161.46,408.31
706,229,"MAYO",161.46,408.31
707,226,"MAYO",161.46,408.31
708,232,"MAYO",161.46,408.31
709,268,"MAYO",75.79,418.46
710,254,"MAYO",75.79,418.46
711,265,"MAYO",75.79,418.46
712,261,"MAYO",75.79,418.46
713,237,"MAYO",75.79,418.46
714,1265,"MAYO",70.09,418.46
715,279,"MAYO",229.58,380.03
716,298,"MAYO",89.49,418.46
717,1995,"MAYO",70.09,418.46
718,1262,"MAYO",70.09,418.46
719,369,"MAYO",101.75,408.47
720,323,"MAYO",101.75,408.47
721,327,"MAYO",101.75,408.47
722,356,"MAYO",101.75,408.47
723,345,"MAYO",101.75,408.47
724,1273,"MAYO",229.58,380.03
725,390,"MAYO",229.58,380.03
726,423,"MAYO",229.58,380.03
727,392,"MAYO",229.58,380.03
728,379,"MAYO",229.58,380.03
729,429,"MAYO",155.26,404.68
730,1365,"MAYO",155.26,404.68
731,1283,"MAYO",155.26,404.68
732,1792,"MAYO",155.26,404.68
733,1366,"MAYO",129.27,408.47
734,1566,"MAYO",166.57,408.47
735,1385,"MAYO",166.57,408.47
736,2018,"MAYO",161.46,408.31
737,2019,"MAYO",161.46,408.31
738,485,"MAYO",161.46,408.31
739,1289,"MAYO",166.57,408.47
740,2031,"MAYO",161.46,408.31
741,2028,"MAYO",161.46,408.31
742,1389,"MAYO",101.75,408.47
743,1390,"MAYO",229.58,380.03
744,1399,"MAYO",161.46,408.31
745,1799,"MAYO",101.75,408.47
746,627,"MAYO",229.58,380.03
747,614,"MAYO",229.58,380.03
748,630,"MAYO",229.58,380.03
749,634,"MAYO",229.58,380.03
750,610,"MAYO",229.58,380.03
751,640,"MAYO",166.57,408.47
752,649,"MAYO",166.57,408.47
753,653,"MAYO",166.57,408.47
754,648,"MAYO",166.57,408.47
755,652,"MAYO",166.57,408.47
756,676,"MAYO",60.03,418.46
757,685,"MAYO",60.03,418.46
758,674,"MAYO",60.03,418.46
759,662,"MAYO",129.27,408.47
760,678,"MAYO",60.03,418.46
761,2369,"MAYO",147.01,359.3
762,1919,"MAYO",147.01,359.3
763,1633,"MAYO",147.01,359.3
764,2242,"MAYO",147.01,359.3
765,2314,"MAYO",147.01,359.3
766,2478,"MAYO",155.26,404.68
767,797,"MAYO",210.41,374.94
768,777,"MAYO",129.27,408.47
769,2559,"MAYO",155.26,404.68
770,767,"MAYO",155.26,404.68
771,824,"MAYO",101.75,408.47
772,821,"MAYO",101.75,408.47
773,819,"MAYO",101.75,408.47
774,817,"MAYO",101.75,408.47
775,822,"MAYO",101.75,408.47
776,840,"MAYO",95.44,408.47
777,834,"MAYO",95.44,408.47
778,837,"MAYO",95.44,408.47
779,841,"MAYO",95.44,408.47
780,833,"MAYO",95.44,408.47
781,868,"MAYO",129.27,408.47
782,849,"MAYO",129.27,408.47
783,881,"MAYO",129.27,408.47
784,864,"MAYO",129.27,408.47
785,870,"MAYO",129.27,408.47
786,909,"MAYO",94.27,408.47
787,901,"MAYO",94.27,408.47
788,905,"MAYO",94.27,408.47
789,892,"MAYO",94.27,408.47
790,894,"MAYO",94.27,408.47
791,957,"MAYO",94.27,408.47
792,945,"MAYO",94.27,408.47
793,1681,"MAYO",94.27,408.47
794,930,"MAYO",94.27,408.47
795,947,"MAYO",94.27,408.47
796,972,"MAYO",147.01,359.3
797,961,"MAYO",147.01,359.3
798,970,"MAYO",147.01,359.3
799,973,"MAYO",147.01,359.3
800,968,"MAYO",147.01,359.3
801,1011,"MAYO",60.03,418.46
802,992,"MAYO",129.27,408.47
803,982,"MAYO",129.27,408.47
804,998,"MAYO",60.03,418.46
805,1008,"MAYO",129.27,408.47
806,1683,"MAYO",155.26,404.68
807,1055,"MAYO",155.26,404.68
808,1685,"MAYO",155.26,404.68
809,1042,"MAYO",155.26,404.68
810,1061,"MAYO",155.26,404.68
811,1869,"MAYO",210.41,374.94
812,2620,"MAYO",210.41,374.94
813,1113,"MAYO",210.41,374.94
814,1978,"MAYO",129.27,408.47
815,1979,"MAYO",129.27,408.47
816,1104,"MAYO",210.41,374.94
817,1175,"MAYO",95.44,408.47
818,1129,"MAYO",95.44,408.47
819,1889,"MAYO",95.44,408.47
820,1154,"MAYO",95.44,408.47
821,1172,"MAYO",95.44,408.47
822,1191,"MAYO",101.75,408.47
823,1179,"MAYO",101.75,408.47
824,1895,"MAYO",101.75,408.47
825,1188,"MAYO",101.75,408.47
826,1220,"MAYO",101.75,408.47
827,37,"JUNIO",101.75,408.47
828,46,"JUNIO",101.75,408.47
829,41,"JUNIO",101.75,408.47
830,42,"JUNIO",101.75,408.47
831,39,"JUNIO",101.75,408.47
832,51,"JUNIO",93.44,372.85
833,50,"JUNIO",93.44,372.85
834,49,"JUNIO",93.44,372.85
835,48,"JUNIO",93.44,372.85
836,52,"JUNIO",93.44,372.85
837,53,"JUNIO",93.44,267.27
838,54,"JUNIO",93.44,267.27
839,55,"JUNIO",93.44,267.27
840,57,"JUNIO",93.44,267.27
841,56,"JUNIO",93.44,267.27
842,59,"JUNIO",95.44,408.47
843,68,"JUNIO",95.44,408.47
844,64,"JUNIO",95.44,408.47
845,61,"JUNIO",95.44,408.47
846,58,"JUNIO",95.44,408.47
847,116,"JUNIO",147.01,359.3
848,1336,"JUNIO",147.01,359.3
849,91,"JUNIO",147.01,359.3
850,1318,"JUNIO",147.01,359.3
851,112,"JUNIO",147.01,359.3
852,145,"JUNIO",75.79,418.45
853,1345,"JUNIO",75.79,418.45
854,167,"JUNIO",75.79,418.45
855,146,"JUNIO",75.79,418.45
856,141,"JUNIO",75.79,418.45
857,173,"JUNIO",63.15,418.45
858,173,"JUNIO",70.09,418.45
859,179,"JUNIO",63.15,418.45
860,182,"JUNIO",89.49,418.45
861,182,"JUNIO",63.15,418.45
862,178,"JUNIO",63.15,418.45
863,181,"JUNIO",89.49,418.45
864,181,"JUNIO",63.15,418.45
865,221,"JUNIO",60.03,418.45
866,186,"JUNIO",60.03,418.45
867,192,"JUNIO",60.03,418.45
868,193,"JUNIO",60.03,418.45
869,220,"JUNIO",60.03,418.45
870,229,"JUNIO",161.46,408.31
871,231,"JUNIO",161.46,408.31
872,224,"JUNIO",161.46,408.31
873,227,"JUNIO",161.46,408.31
874,230,"JUNIO",161.46,408.31
875,269,"JUNIO",75.79,418.45
876,235,"JUNIO",75.79,418.45
877,252,"JUNIO",75.79,418.45
878,238,"JUNIO",94.27,408.47
879,264,"JUNIO",75.79,418.45
880,1355,"JUNIO",70.09,418.45
881,1725,"JUNIO",89.49,418.45
882,1592,"JUNIO",229.58,380.02
883,1593,"JUNIO",70.09,418.45
884,1265,"JUNIO",70.09,418.45
885,1991,"JUNIO",70.09,418.45
886,340,"JUNIO",101.75,408.47
887,363,"JUNIO",101.75,408.47
888,370,"JUNIO",101.75,408.47
889,369,"JUNIO",101.75,408.47
890,359,"JUNIO",101.75,408.47
891,1596,"JUNIO",229.58,380.02
892,381,"JUNIO",229.58,380.02
893,395,"JUNIO",229.58,380.02
894,411,"JUNIO",229.58,380.02
895,400,"JUNIO",229.58,380.02
896,1276,"JUNIO",129.27,408.47
897,1792,"JUNIO",155.26,404.68
898,1284,"JUNIO",129.27,408.47
899,433,"JUNIO",155.26,404.68
900,472,"JUNIO",129.27,408.47
901,510,"JUNIO",101.75,408.47
902,524,"JUNIO",101.75,408.47
903,525,"JUNIO",166.57,408.47
904,1796,"JUNIO",166.57,408.47
905,1793,"JUNIO",161.46,408.31
906,1297,"JUNIO",161.46,408.31
907,1298,"JUNIO",161.46,408.31
908,1576,"JUNIO",161.46,408.31
909,2028,"JUNIO",161.46,408.31
910,1391,"JUNIO",161.46,408.31
911,583,"JUNIO",161.46,408.31
912,592,"JUNIO",161.46,408.31
913,622,"JUNIO",229.58,380.02
914,628,"JUNIO",229.58,380.02
915,635,"JUNIO",155.26,404.68
916,636,"JUNIO",229.58,380.02
917,610,"JUNIO",229.58,380.02
918,626,"JUNIO",229.58,380.02
919,639,"JUNIO",166.57,408.47
920,653,"JUNIO",166.57,408.47
921,655,"JUNIO",166.57,408.47
922,657,"JUNIO",166.57,408.47
923,656,"JUNIO",166.57,408.47
924,698,"JUNIO",60.03,418.45
925,689,"JUNIO",60.03,418.45
926,1409,"JUNIO",60.03,418.45
927,694,"JUNIO",60.03,418.45
928,702,"JUNIO",60.03,418.45
929,1426,"JUNIO",147.01,359.3
930,711,"JUNIO",147.01,359.3
931,2335,"JUNIO",147.01,359.3
932,2076,"JUNIO",147.01,359.3
933,2289,"JUNIO",147.01,359.3
934,1951,"JUNIO",155.26,404.68
935,2484,"JUNIO",155.26,404.68
936,2485,"JUNIO",229.58,380.02
937,2558,"JUNIO",155.26,404.68
938,771,"JUNIO",155.26,404.68
939,2552,"JUNIO",155.26,404.68
940,814,"JUNIO",101.75,408.47
941,817,"JUNIO",101.75,408.47
942,821,"JUNIO",101.75,408.47
943,813,"JUNIO",101.75,408.47
944,820,"JUNIO",101.75,408.47
945,832,"JUNIO",95.44,408.47
946,836,"JUNIO",95.44,408.47
947,834,"JUNIO",95.44,408.47
948,833,"JUNIO",95.44,408.47
949,839,"JUNIO",95.44,408.47
950,1858,"JUNIO",129.27,408.47
951,847,"JUNIO",129.27,408.47
952,866,"JUNIO",129.27,408.47
953,873,"JUNIO",101.75,408.47
954,889,"JUNIO",129.27,408.47
955,907,"JUNIO",94.27,408.47
956,908,"JUNIO",94.27,408.47
957,900,"JUNIO",94.27,408.47
958,903,"JUNIO",94.27,408.47
959,909,"JUNIO",94.27,408.47
960,924,"JUNIO",94.27,408.47
961,913,"JUNIO",94.27,408.47
962,943,"JUNIO",94.27,408.47
963,947,"JUNIO",94.27,408.47
964,1469,"JUNIO",94.27,408.47
965,967,"JUNIO",147.01,359.3
966,970,"JUNIO",147.01,359.3
967,975,"JUNIO",147.01,359.3
968,961,"JUNIO",147.01,359.3
969,966,"JUNIO",147.01,359.3
970,997,"JUNIO",129.27,408.47
971,1015,"JUNIO",129.27,408.47
972,995,"JUNIO",129.27,408.47
973,1014,"JUNIO",129.27,408.47
974,1021,"JUNIO",129.27,408.47
975,1061,"JUNIO",155.26,404.68
976,1056,"JUNIO",155.26,404.68
977,1045,"JUNIO",155.26,404.68
978,1053,"JUNIO",155.26,404.68
979,1030,"JUNIO",155.26,404.68
980,1499,"JUNIO",210.41,374.94
981,1123,"JUNIO",210.41,374.94
982,2640,"JUNIO",129.27,408.47
983,2641,"JUNIO",129.27,408.47
984,1975,"JUNIO",210.41,374.94
985,1099,"JUNIO",210.41,374.94
986,1514,"JUNIO",95.44,408.47
987,2678,"JUNIO",95.44,408.47
988,1884,"JUNIO",95.44,408.47
989,1511,"JUNIO",95.44,408.47
990,1711,"JUNIO",95.44,408.47
991,1198,"JUNIO",101.75,408.47
992,1895,"JUNIO",101.75,408.47
993,1206,"JUNIO",101.75,408.47
994,1180,"JUNIO",101.75,408.47
995,1179,"JUNIO",101.75,408.47
996,41,"JULIO",101.75,420.02
997,45,"JULIO",101.75,420.02
998,40,"JULIO",101.75,420.02
999,38,"JULIO",101.75,420.02
1000,42,"JULIO",101.75,420.02
1001,51,"JULIO",93.44,383.39
1002,50,"JULIO",93.44,383.39
1003,49,"JULIO",93.44,383.39
1004,48,"JULIO",93.44,383.39
1005,52,"JULIO",93.44,383.39
1006,53,"JULIO",93.44,274.82
1007,54,"JULIO",93.44,274.82
1008,55,"JULIO",93.44,274.82
1009,57,"JULIO",93.44,274.82
1010,56,"JULIO",93.44,274.82
1011,68,"JULIO",95.44,420.02
1012,58,"JULIO",95.44,420.02
1013,61,"JULIO",95.44,420.02
1014,59,"JULIO",95.44,420.02
1015,65,"JULIO",95.44,420.02
1016,1241,"JULIO",147.01,369.45
1017,109,"JULIO",147.01,369.45
1018,1311,"JULIO",147.01,369.45
1019,71,"JULIO",147.01,369.45
1020,1579,"JULIO",147.01,369.45
1021,143,"JULIO",75.79,430.29
1022,163,"JULIO",75.79,430.29
1023,159,"JULIO",75.79,430.29
1024,150,"JULIO",75.79,430.29
1025,1243,"JULIO",75.79,430.29
1026,171,"JULIO",70.09,430.29
1027,180,"JULIO",89.49,430.29
1028,180,"JULIO",63.15,430.29
1029,180,"JULIO",70.09,430.29
1030,178,"JULIO",63.15,430.29
1031,175,"JULIO",70.09,430.29
1032,182,"JULIO",89.49,430.29
1033,182,"JULIO",63.15,430.29
1034,217,"JULIO",60.03,430.29
1035,203,"JULIO",60.03,430.29
1036,202,"JULIO",60.03,430.29
1037,221,"JULIO",60.03,430.29
1038,214,"JULIO",60.03,430.29
1039,230,"JULIO",161.46,419.85
1040,226,"JULIO",161.46,419.85
1041,229,"JULIO",161.46,419.85
1042,231,"JULIO",161.46,419.85
1043,223,"JULIO",161.46,419.85
1044,243,"JULIO",75.79,430.29
1045,249,"JULIO",75.79,430.29
1046,256,"JULIO",75.79,430.29
1047,263,"JULIO",75.79,430.29
1048,235,"JULIO",75.79,430.29
1049,285,"JULIO",63.15,430.29
1050,1255,"JULIO",63.15,430.29
1051,298,"JULIO",89.49,430.29
1052,311,"JULIO",229.58,390.77
1053,318,"JULIO",229.58,390.77
1054,351,"JULIO",101.75,420.02
1055,352,"JULIO",161.46,419.85
1056,369,"JULIO",101.75,420.02
1057,324,"JULIO",101.75,420.02
1058,325,"JULIO",161.46,419.85
1059,365,"JULIO",101.75,420.02
1060,334,"JULIO",101.75,420.02
1061,426,"JULIO",229.58,390.77
1062,376,"JULIO",229.58,390.77
1063,1361,"JULIO",229.58,390.77
1064,387,"JULIO",229.58,390.77
1065,421,"JULIO",155.26,416.12
1066,422,"JULIO",229.58,390.77
1067,440,"JULIO",155.26,416.12
1068,1790,"JULIO",129.27,420.02
1069,460,"JULIO",155.26,416.12
1070,457,"JULIO",129.27,420.02
1071,451,"JULIO",129.27,420.02
1072,496,"JULIO",166.57,420.02
1073,502,"JULIO",161.46,419.85
1074,503,"JULIO",161.46,419.85
1075,1604,"JULIO",166.57,420.02
1076,482,"JULIO",166.57,420.02
1077,501,"JULIO",166.57,420.02
1078,1571,"JULIO",161.46,419.85
1079,1576,"JULIO",161.46,419.85
1080,1622,"JULIO",161.46,419.85
1081,1800,"JULIO",161.46,419.85
1082,598,"JULIO",161.46,419.85
1083,618,"JULIO",229.58,390.77
1084,620,"JULIO",229.58,390.77
1085,628,"JULIO",229.58,390.77
1086,613,"JULIO",229.58,390.77
1087,627,"JULIO",229.58,390.77
1088,643,"JULIO",166.57,420.02
1089,642,"JULIO",166.57,420.02
1090,653,"JULIO",166.57,420.02
1091,646,"JULIO",166.57,420.02
1092,652,"JULIO",166.57,420.02
1093,662,"JULIO",129.27,420.02
1094,682,"JULIO",60.03,430.29
1095,667,"JULIO",60.03,430.29
1096,663,"JULIO",60.03,430.29
1097,677,"JULIO",60.03,430.29
1098,1632,"JULIO",147.01,369.45
1099,2358,"JULIO",147.01,369.45
1100,2165,"JULIO",147.01,369.45
1101,2125,"JULIO",147.01,369.45
1102,2195,"JULIO",147.01,369.45
1103,791,"JULIO",155.26,416.12
1104,1853,"JULIO",155.26,416.12
1105,2541,"JULIO",155.26,416.12
1106,2516,"JULIO",155.26,416.12
1107,1671,"JULIO",155.26,416.12
1108,827,"JULIO",101.75,420.02
1109,828,"JULIO",101.75,420.02
1110,822,"JULIO",101.75,420.02
1111,814,"JULIO",101.75,420.02
1112,816,"JULIO",101.75,420.02
1113,833,"JULIO",95.44,420.02
1114,838,"JULIO",95.44,420.02
1115,841,"JULIO",95.44,420.02
1116,836,"JULIO",95.44,420.02
1117,832,"JULIO",95.44,420.02
1118,843,"JULIO",129.27,420.02
1119,867,"JULIO",129.27,420.02
1120,850,"JULIO",129.27,420.02
1121,844,"JULIO",101.75,420.02
1122,878,"JULIO",129.27,420.02
1123,896,"JULIO",166.57,420.02
1124,897,"JULIO",94.27,420.02
1125,893,"JULIO",94.27,420.02
1126,905,"JULIO",94.27,420.02
1127,901,"JULIO",94.27,420.02
1128,903,"JULIO",94.27,420.02
1129,1466,"JULIO",94.27,420.02
1130,948,"JULIO",94.27,420.02
1131,1469,"JULIO",94.27,420.02
1132,923,"JULIO",94.27,420.02
1133,959,"JULIO",94.27,420.02
1134,975,"JULIO",147.01,369.45
1135,961,"JULIO",147.01,369.45
1136,969,"JULIO",147.01,369.45
1137,962,"JULIO",210.41,385.54
1138,963,"JULIO",147.01,369.45
1139,976,"JULIO",147.01,369.45
1140,983,"JULIO",129.27,420.02
1141,979,"JULIO",129.27,420.02
1142,989,"JULIO",129.27,420.02
1143,996,"JULIO",60.03,430.29
1144,1014,"JULIO",129.27,420.02
1145,1026,"JULIO",155.26,416.12
1146,1023,"JULIO",155.26,416.12
1147,1069,"JULIO",155.26,416.12
1148,1060,"JULIO",155.26,416.12
1149,1033,"JULIO",155.26,416.12
1150,2623,"JULIO",210.41,385.54
1151,1083,"JULIO",210.41,385.54
1152,1870,"JULIO",210.41,385.54
1153,2622,"JULIO",210.41,385.54
1154,2573,"JULIO",210.41,385.54
1155,2665,"JULIO",95.44,420.02
1156,1176,"JULIO",95.44,420.02
1157,1510,"JULIO",95.44,420.02
1158,1140,"JULIO",95.44,420.02
1159,1892,"JULIO",95.44,420.02
1160,1191,"JULIO",101.75,420.02
1161,1204,"JULIO",101.75,420.02
1162,1217,"JULIO",101.75,420.02
1163,1179,"JULIO",101.75,420.02
1164,1221,"JULIO",101.75,420.02
1165,44,"AGOSTO",101.75,423.67
1166,39,"AGOSTO",101.75,423.67
1167,46,"AGOSTO",101.75,423.67
1168,43,"AGOSTO",101.75,423.67
1169,38,"AGOSTO",101.75,423.67
1170,51,"AGOSTO",93.44,386.71
1171,50,"AGOSTO",93.44,386.71
1172,49,"AGOSTO",93.44,386.71
1173,48,"AGOSTO",93.44,386.71
1174,52,"AGOSTO",93.44,386.71
1175,53,"AGOSTO",93.44,277.21
1176,54,"AGOSTO",93.44,277.21
1177,55,"AGOSTO",93.44,277.21
1178,57,"AGOSTO",93.44,277.21
1179,56,"AGOSTO",93.44,277.21
1180,65,"AGOSTO",95.44,423.67
1181,58,"AGOSTO",95.44,423.67
1182,59,"AGOSTO",95.44,423.67
1183,64,"AGOSTO",95.44,423.67
1184,62,"AGOSTO",95.44,423.67
1185,1235,"AGOSTO",147.01,372.66
1186,1342,"AGOSTO",147.01,372.66
1187,72,"AGOSTO",147.01,372.66
1188,1318,"AGOSTO",147.01,372.66
1189,1526,"AGOSTO",147.01,372.66
1190,1322,"AGOSTO",75.79,434.02
1191,1243,"AGOSTO",75.79,434.02
1192,1724,"AGOSTO",75.79,434.02
1193,128,"AGOSTO",75.79,434.02
1194,123,"AGOSTO",75.79,434.02
1195,174,"AGOSTO",70.09,434.02
1196,172,"AGOSTO",89.49,434.02
1197,172,"AGOSTO",63.15,434.02
1198,175,"AGOSTO",70.09,434.02
1199,180,"AGOSTO",89.49,434.02
1200,180,"AGOSTO",63.15,434.02
1201,180,"AGOSTO",70.09,434.02
1202,213,"AGOSTO",60.03,434.02
1203,2690,"AGOSTO",60.03,434.02
1204,207,"AGOSTO",60.03,434.02
1205,212,"AGOSTO",101.75,423.67
1206,203,"AGOSTO",60.03,434.02
1207,223,"AGOSTO",60.03,434.02
1208,230,"AGOSTO",161.46,423.5
1209,231,"AGOSTO",161.46,423.5
1210,228,"AGOSTO",161.46,423.5
1211,229,"AGOSTO",161.46,423.5
1212,268,"AGOSTO",75.79,434.02
1213,269,"AGOSTO",75.79,434.02
1214,239,"AGOSTO",75.79,434.02
1215,270,"AGOSTO",75.79,434.02
1216,242,"AGOSTO",75.79,434.02
1217,1352,"AGOSTO",229.58,394.16
1218,1996,"AGOSTO",229.58,394.16
1219,1255,"AGOSTO",63.15,434.02
1220,307,"AGOSTO",70.09,434.02
1221,1590,"AGOSTO",70.09,434.02
1222,331,"AGOSTO",101.75,423.67
1223,328,"AGOSTO",101.75,423.67
1224,357,"AGOSTO",101.75,423.67
1225,346,"AGOSTO",101.75,423.67
1226,347,"AGOSTO",101.75,423.67
1227,1270,"AGOSTO",229.58,394.16
1228,399,"AGOSTO",229.58,394.16
1229,421,"AGOSTO",155.26,419.73
1230,422,"AGOSTO",229.58,394.16
1231,396,"AGOSTO",229.58,394.16
1232,397,"AGOSTO",229.58,394.16
1233,382,"AGOSTO",229.58,394.16
1234,446,"AGOSTO",229.58,394.16
1235,447,"AGOSTO",155.26,419.73
1236,429,"AGOSTO",155.26,419.73
1237,462,"AGOSTO",155.26,419.73
1238,471,"AGOSTO",129.27,423.67
1239,2804,"AGOSTO",129.27,423.67
1240,2020,"AGOSTO",161.46,423.5
1241,2021,"AGOSTO",161.46,423.5
1242,485,"AGOSTO",161.46,423.5
1243,1566,"AGOSTO",166.57,423.67
1244,1303,"AGOSTO",166.57,423.67
1245,1297,"AGOSTO",161.46,423.5
1246,1298,"AGOSTO",161.46,423.5
1247,549,"AGOSTO",161.46,423.5
1248,581,"AGOSTO",161.46,423.5
1249,587,"AGOSTO",161.46,423.5
1250,570,"AGOSTO",161.46,423.5
1251,2031,"AGOSTO",161.46,423.5
1252,634,"AGOSTO",229.58,394.16
1253,608,"AGOSTO",229.58,394.16
1254,629,"AGOSTO",229.58,394.16
1255,631,"AGOSTO",229.58,394.16
1256,627,"AGOSTO",229.58,394.16
1257,641,"AGOSTO",166.57,423.67
1258,645,"AGOSTO",166.57,423.67
1259,646,"AGOSTO",166.57,423.67
1260,647,"AGOSTO",166.57,423.67
1261,651,"AGOSTO",166.57,423.67
1262,692,"AGOSTO",60.03,434.02
1263,689,"AGOSTO",60.03,434.02
1264,671,"AGOSTO",60.03,434.02
1265,660,"AGOSTO",60.03,434.02
1266,705,"AGOSTO",60.03,434.02
1267,2353,"AGOSTO",147.01,372.66
1268,2232,"AGOSTO",147.01,372.66
1269,2233,"AGOSTO",147.01,372.66
1270,2156,"AGOSTO",147.01,372.66
1271,2177,"AGOSTO",210.41,388.88
1272,1839,"AGOSTO",210.41,388.88
1273,2549,"AGOSTO",155.26,419.73
1274,1673,"AGOSTO",210.41,388.88
1275,2522,"AGOSTO",155.26,419.73
1276,2523,"AGOSTO",210.41,388.88
1277,1848,"AGOSTO",155.26,419.73
1278,830,"AGOSTO",101.75,423.67
1279,827,"AGOSTO",101.75,423.67
1280,823,"AGOSTO",129.27,423.67
1281,824,"AGOSTO",101.75,423.67
1282,821,"AGOSTO",101.75,423.67
1283,836,"AGOSTO",95.44,423.67
1284,832,"AGOSTO",95.44,423.67
1285,835,"AGOSTO",95.44,423.67
1286,837,"AGOSTO",95.44,423.67
1287,841,"AGOSTO",95.44,423.67
1288,879,"AGOSTO",129.27,423.67
1289,851,"AGOSTO",101.75,423.67
1290,852,"AGOSTO",129.27,423.67
1291,1675,"AGOSTO",129.27,423.67
1292,868,"AGOSTO",129.27,423.67
1293,898,"AGOSTO",94.27,423.67
1294,902,"AGOSTO",94.27,423.67
1295,906,"AGOSTO",94.27,423.67
1296,900,"AGOSTO",94.27,423.67
1297,892,"AGOSTO",94.27,423.67
1298,2570,"AGOSTO",94.27,423.67
1299,946,"AGOSTO",94.27,423.67
1300,1680,"AGOSTO",94.27,423.67
1301,918,"AGOSTO",94.27,423.67
1302,959,"AGOSTO",94.27,423.67
1303,964,"AGOSTO",147.01,372.66
1304,971,"AGOSTO",147.01,372.66
1305,968,"AGOSTO",147.01,372.66
1306,962,"AGOSTO",210.41,388.88
1307,963,"AGOSTO",147.01,372.66
1308,974,"AGOSTO",147.01,372.66
1309,993,"AGOSTO",129.27,423.67
1310,1016,"AGOSTO",60.03,434.02
1311,997,"AGOSTO",129.27,423.67
1312,1017,"AGOSTO",129.27,423.67
1313,999,"AGOSTO",60.03,434.02
1314,1045,"AGOSTO",155.26,419.73
1315,1069,"AGOSTO",155.26,419.73
1316,1041,"AGOSTO",155.26,419.73
1317,1034,"AGOSTO",155.26,419.73
1318,1863,"AGOSTO",155.26,419.73
1319,1697,"AGOSTO",210.41,388.88
1320,1116,"AGOSTO",155.26,419.73
1321,1117,"AGOSTO",210.41,388.88
1322,1865,"AGOSTO",210.41,388.88
1323,2604,"AGOSTO",210.41,388.88
1324,2593,"AGOSTO",129.27,423.67
1325,1173,"AGOSTO",95.44,423.67
1326,2661,"AGOSTO",95.44,423.67
1327,1511,"AGOSTO",95.44,423.67
1328,1893,"AGOSTO",95.44,423.67
1329,1174,"AGOSTO",95.44,423.67
1330,1204,"AGOSTO",101.75,423.67
1331,1196,"AGOSTO",101.75,423.67
1332,1198,"AGOSTO",101.75,423.67
1333,1191,"AGOSTO",101.75,423.67
1334,1202,"AGOSTO",101.75,423.67
1335,47,"SEPTIEMBRE",101.75,423.69
1336,39,"SEPTIEMBRE",101.75,423.69
1337,40,"SEPTIEMBRE",101.75,423.69
1338,41,"SEPTIEMBRE",101.75,423.69
1339,37,"SEPTIEMBRE",101.75,423.69
1340,51,"SEPTIEMBRE",93.44,386.73
1341,50,"SEPTIEMBRE",93.44,386.73
1342,49,"SEPTIEMBRE",93.44,386.73
1343,48,"SEPTIEMBRE",93.44,386.73
1344,52,"SEPTIEMBRE",93.44,386.73
1345,2805,"SEPTIEMBRE",93.44,386.73
1346,54,"SEPTIEMBRE",93.44,277.22
1347,55,"SEPTIEMBRE",93.44,277.22
1348,57,"SEPTIEMBRE",93.44,277.22
1349,56,"SEPTIEMBRE",0.0,0.0
1350,61,"SEPTIEMBRE",95.44,423.69
1351,64,"SEPTIEMBRE",95.44,423.69
1352,63,"SEPTIEMBRE",95.44,423.69
1353,111,"SEPTIEMBRE",147.01,372.68
1354,83,"SEPTIEMBRE",147.01,372.68
1355,95,"SEPTIEMBRE",147.01,372.68
1356,131,"SEPTIEMBRE",75.79,434.04
1357,141,"SEPTIEMBRE",75.79,434.04
1358,155,"SEPTIEMBRE",75.79,434.04
1359,169,"SEPTIEMBRE",63.15,434.04
1360,175,"SEPTIEMBRE",70.09,434.04
1361,182,"SEPTIEMBRE",89.49,434.04
1362,182,"SEPTIEMBRE",63.15,434.04
1363,185,"SEPTIEMBRE",75.79,434.04
1364,188,"SEPTIEMBRE",60.03,434.04
1365,221,"SEPTIEMBRE",60.03,434.04
1366,226,"SEPTIEMBRE",161.46,423.52
1367,231,"SEPTIEMBRE",161.46,423.52
1368,229,"SEPTIEMBRE",161.46,423.52
1369,242,"SEPTIEMBRE",75.79,434.04
1370,243,"SEPTIEMBRE",75.79,434.04
1371,265,"SEPTIEMBRE",75.79,434.04
1372,1898,"SEPTIEMBRE",229.58,394.18
1373,1533,"SEPTIEMBRE",89.49,434.04
1374,298,"SEPTIEMBRE",89.49,434.04
1375,351,"SEPTIEMBRE",101.75,423.69
1376,352,"SEPTIEMBRE",161.46,423.52
1377,353,"SEPTIEMBRE",101.75,423.69
1378,347,"SEPTIEMBRE",101.75,423.69
1379,420,"SEPTIEMBRE",229.58,394.18
1380,427,"SEPTIEMBRE",229.58,394.18
1381,1595,"SEPTIEMBRE",229.58,394.18
1382,434,"SEPTIEMBRE",155.26,419.76
1383,1549,"SEPTIEMBRE",155.26,419.76
1384,479,"SEPTIEMBRE",155.26,419.76
1385,538,"SEPTIEMBRE",166.57,423.69
1386,483,"SEPTIEMBRE",101.75,423.69
1387,484,"SEPTIEMBRE",161.46,423.52
1388,1556,"SEPTIEMBRE",166.57,423.69
1389,1802,"SEPTIEMBRE",161.46,423.52
1390,554,"SEPTIEMBRE",161.46,423.52
1391,1386,"SEPTIEMBRE",161.46,423.52
1392,616,"SEPTIEMBRE",229.58,394.18
1393,618,"SEPTIEMBRE",229.58,394.18
1394,615,"SEPTIEMBRE",229.58,394.18
1395,641,"SEPTIEMBRE",166.57,423.69
1396,653,"SEPTIEMBRE",166.57,423.69
1397,650,"SEPTIEMBRE",166.57,423.69
1398,688,"SEPTIEMBRE",60.03,434.04
1399,680,"SEPTIEMBRE",60.03,434.04
1400,677,"SEPTIEMBRE",60.03,434.04
1401,2303,"SEPTIEMBRE",147.01,372.68
1402,2205,"SEPTIEMBRE",147.01,372.68
1403,1814,"SEPTIEMBRE",147.01,372.68
1404,1445,"SEPTIEMBRE",155.26,419.76
1405,804,"SEPTIEMBRE",155.26,419.76
1406,1844,"SEPTIEMBRE",155.26,419.76
1407,821,"SEPTIEMBRE",101.75,423.69
1408,813,"SEPTIEMBRE",101.75,423.69
1409,825,"SEPTIEMBRE",101.75,423.69
1410,837,"SEPTIEMBRE",95.44,423.69
1411,833,"SEPTIEMBRE",95.44,423.69
1412,835,"SEPTIEMBRE",95.44,423.69
1413,872,"SEPTIEMBRE",129.27,423.69
1414,856,"SEPTIEMBRE",129.27,423.69
1415,870,"SEPTIEMBRE",129.27,423.69
1416,904,"SEPTIEMBRE",94.27,423.69
1417,910,"SEPTIEMBRE",94.27,423.69
1418,909,"SEPTIEMBRE",94.27,423.69
1419,958,"SEPTIEMBRE",94.27,423.69
1420,931,"SEPTIEMBRE",94.27,423.69
1421,912,"SEPTIEMBRE",94.27,423.69
1422,965,"SEPTIEMBRE",147.01,372.68
1423,969,"SEPTIEMBRE",147.01,372.68
1424,976,"SEPTIEMBRE",147.01,372.68
1425,1010,"SEPTIEMBRE",60.03,434.04
1426,1017,"SEPTIEMBRE",129.27,423.69
1427,984,"SEPTIEMBRE",129.27,423.69
1428,1682,"SEPTIEMBRE",155.26,419.76
1429,1475,"SEPTIEMBRE",155.26,419.76
1430,1026,"SEPTIEMBRE",155.26,419.76
1431,1480,"SEPTIEMBRE",129.27,423.69
1432,1481,"SEPTIEMBRE",129.27,423.69
1433,1103,"SEPTIEMBRE",210.41,388.9
1434,2655,"SEPTIEMBRE",210.41,388.9
1435,1888,"SEPTIEMBRE",95.44,423.69
1436,1155,"SEPTIEMBRE",95.44,423.69
1437,1153,"SEPTIEMBRE",95.44,423.69
1438,1197,"SEPTIEMBRE",101.75,423.69
1439,1210,"SEPTIEMBRE",101.75,423.69
1440,1208,"SEPTIEMBRE",101.75,423.69
