"id_tarifa","id_region","mes","base","intermedia","punta"
1,44,"ENERO",1.0702,1.9081,2.1752
2,38,"ENERO",1.0702,1.9081,2.1752
3,47,"ENERO",1.0702,1.9081,2.1752
4,42,"ENERO",1.0702,1.9081,2.1752
5,41,"ENERO",1.0702,1.9081,2.1752
6,51,"ENERO",0.6168,0.9631,1.3033
7,50,"ENERO",0.6168,0.9631,1.3033
8,49,"ENERO",0.6168,0.9631,1.3033
9,48,"ENERO",0.6168,0.9631,1.3033
10,52,"ENERO",0.6168,0.9631,1.3033
11,53,"ENERO",2.1348,2.7131,3.823
12,54,"ENERO",2.1348,2.7131,3.823
13,55,"ENERO",2.1348,2.7131,3.823
14,57,"ENERO",2.1348,2.7131,3.823
15,56,"ENERO",2.1348,2.7131,3.823
16,59,"ENERO",1.2534,2.1166,2.3629
17,58,"ENERO",1.2534,2.1166,2.3629
18,62,"ENERO",1.2534,2.1166,2.3629
19,63,"ENERO",1.2534,2.1166,2.3629
20,66,"ENERO",1.0251,1.7863,2.0047
21,1524,"ENERO",1.0251,1.7863,2.0047
22,1241,"ENERO",1.0251,1.7863,2.0047
23,1731,"ENERO",1.0251,1.7863,2.0047
24,1242,"ENERO",1.0251,1.7863,2.0047
25,84,"ENERO",1.0251,1.7863,2.0047
26,147,"ENERO",1.0362,1.6532,1.9362
27,168,"ENERO",1.0362,1.6532,1.9362
28,165,"ENERO",1.0362,1.6532,1.9362
29,156,"ENERO",1.0362,1.6532,1.9362
30,1723,"ENERO",1.0362,1.6532,1.9362
31,177,"ENERO",1.1246,1.8632,2.1772
32,179,"ENERO",1.1246,1.8632,2.1772
33,181,"ENERO",1.1216,1.8501,2.1644
34,181,"ENERO",1.1246,1.8632,2.1772
35,184,"ENERO",1.1328,1.874,2.1931
36,171,"ENERO",1.1328,1.874,2.1931
37,193,"ENERO",1.0358,1.6131,1.7514
38,212,"ENERO",1.0702,1.9081,2.1752
39,213,"ENERO",1.0358,1.6131,1.7514
40,185,"ENERO",1.0362,1.6532,1.9362
41,219,"ENERO",1.0358,1.6131,1.7514
42,231,"ENERO",1.0679,1.9107,2.1531
43,224,"ENERO",1.0679,1.9107,2.1531
44,223,"ENERO",1.0679,1.9107,2.1531
45,228,"ENERO",1.0679,1.9107,2.1531
46,232,"ENERO",1.0679,1.9107,2.1531
47,254,"ENERO",1.0362,1.6532,1.9362
48,262,"ENERO",1.0362,1.6532,1.9362
49,248,"ENERO",1.0362,1.6532,1.9362
50,261,"ENERO",1.0362,1.6532,1.9362
51,240,"ENERO",1.0362,1.6532,1.9362
52,1996,"ENERO",0.9788,1.7355,1.9656
53,1257,"ENERO",1.1328,1.874,2.1931
54,1349,"ENERO",0.9788,1.7355,1.9656
55,1252,"ENERO",1.1328,1.874,2.1931
56,1352,"ENERO",0.9788,1.7355,1.9656
57,340,"ENERO",1.0702,1.9081,2.1752
58,328,"ENERO",1.0702,1.9081,2.1752
59,362,"ENERO",1.0702,1.9081,2.1752
60,355,"ENERO",1.0702,1.9081,2.1752
61,371,"ENERO",1.0702,1.9081,2.1752
62,390,"ENERO",0.9788,1.7355,1.9656
63,414,"ENERO",0.9788,1.7355,1.9656
64,374,"ENERO",1.0652,1.9116,2.1588
65,375,"ENERO",0.9788,1.7355,1.9656
66,380,"ENERO",0.9788,1.7355,1.9656
67,408,"ENERO",0.9788,1.7355,1.9656
68,443,"ENERO",1.0652,1.9116,2.1588
69,442,"ENERO",1.0652,1.9116,2.1588
70,471,"ENERO",1.0144,1.722,1.997
71,1548,"ENERO",1.0144,1.722,1.997
72,1284,"ENERO",1.0144,1.722,1.997
73,1606,"ENERO",1.0283,1.8428,2.0747
74,543,"ENERO",1.0283,1.8428,2.0747
75,1904,"ENERO",1.0283,1.8428,2.0747
76,1292,"ENERO",1.0283,1.8428,2.0747
77,514,"ENERO",1.0283,1.8428,2.0747
78,1574,"ENERO",1.0679,1.9107,2.1531
79,565,"ENERO",1.0679,1.9107,2.1531
80,555,"ENERO",1.0679,1.9107,2.1531
81,1621,"ENERO",1.0679,1.9107,2.1531
82,550,"ENERO",1.0679,1.9107,2.1531
83,616,"ENERO",0.9788,1.7355,1.9656
84,608,"ENERO",0.9788,1.7355,1.9656
85,615,"ENERO",0.9788,1.7355,1.9656
86,605,"ENERO",0.9788,1.7355,1.9656
87,610,"ENERO",0.9788,1.7355,1.9656
88,651,"ENERO",1.0283,1.8428,2.0747
89,653,"ENERO",1.0283,1.8428,2.0747
90,654,"ENERO",1.0283,1.8428,2.0747
91,645,"ENERO",1.0283,1.8428,2.0747
92,657,"ENERO",1.0283,1.8428,2.0747
93,670,"ENERO",1.0358,1.6131,1.7514
94,665,"ENERO",1.0358,1.6131,1.7514
95,688,"ENERO",1.0358,1.6131,1.7514
96,681,"ENERO",1.0358,1.6131,1.7514
97,671,"ENERO",1.0358,1.6131,1.7514
98,2069,"ENERO",1.0251,1.7863,2.0047
99,2249,"ENERO",1.0251,1.7863,2.0047
100,738,"ENERO",1.0251,1.7863,2.0047
101,1807,"ENERO",1.0251,1.7863,2.0047
102,2442,"ENERO",1.0251,1.7863,2.0047
103,809,"ENERO",1.0652,1.9116,2.1588
104,2505,"ENERO",1.0652,1.9116,2.1588
105,1671,"ENERO",1.0652,1.9116,2.1588
106,1440,"ENERO",0.9415,1.6626,1.8689
107,2495,"ENERO",0.9415,1.6626,1.8689
108,828,"ENERO",1.0702,1.9081,2.1752
109,815,"ENERO",1.0144,1.722,1.997
110,819,"ENERO",1.0702,1.9081,2.1752
111,823,"ENERO",1.0144,1.722,1.997
112,818,"ENERO",1.0702,1.9081,2.1752
113,841,"ENERO",1.2534,2.1166,2.3629
114,840,"ENERO",1.2534,2.1166,2.3629
115,835,"ENERO",1.2534,2.1166,2.3629
116,831,"ENERO",1.2534,2.1166,2.3629
117,838,"ENERO",1.2534,2.1166,2.3629
118,871,"ENERO",1.0144,1.722,1.997
119,1677,"ENERO",1.0144,1.722,1.997
120,845,"ENERO",1.0144,1.722,1.997
121,853,"ENERO",1.0144,1.722,1.997
122,878,"ENERO",1.0144,1.722,1.997
123,899,"ENERO",0.9831,1.5814,1.7539
124,901,"ENERO",0.9831,1.5814,1.7539
125,894,"ENERO",0.9831,1.5814,1.7539
126,893,"ENERO",0.9831,1.5814,1.7539
127,908,"ENERO",0.9831,1.5814,1.7539
128,956,"ENERO",0.9831,1.5814,1.7539
129,946,"ENERO",0.9831,1.5814,1.7539
130,915,"ENERO",0.9831,1.5814,1.7539
131,1681,"ENERO",0.9831,1.5814,1.7539
132,955,"ENERO",0.9831,1.5814,1.7539
133,969,"ENERO",1.0251,1.7863,2.0047
134,967,"ENERO",1.0251,1.7863,2.0047
135,978,"ENERO",1.0251,1.7863,2.0047
136,968,"ENERO",1.0251,1.7863,2.0047
137,970,"ENERO",1.0251,1.7863,2.0047
138,990,"ENERO",1.0144,1.722,1.997
139,1019,"ENERO",1.0144,1.722,1.997
140,980,"ENERO",1.0144,1.722,1.997
141,1014,"ENERO",1.0144,1.722,1.997
142,989,"ENERO",1.0144,1.722,1.997
143,1863,"ENERO",1.0652,1.9116,2.1588
144,1039,"ENERO",1.0652,1.9116,2.1588
145,1864,"ENERO",1.0652,1.9116,2.1588
146,1071,"ENERO",1.0652,1.9116,2.1588
147,1070,"ENERO",1.0652,1.9116,2.1588
148,1080,"ENERO",0.9415,1.6626,1.8689
149,1109,"ENERO",0.9415,1.6626,1.8689
150,1881,"ENERO",0.9415,1.6626,1.8689
151,2603,"ENERO",0.9415,1.6626,1.8689
152,2584,"ENERO",0.9415,1.6626,1.8689
153,1166,"ENERO",1.2534,2.1166,2.3629
154,1709,"ENERO",1.2534,2.1166,2.3629
155,2676,"ENERO",1.2534,2.1166,2.3629
156,1515,"ENERO",1.2534,2.1166,2.3629
157,2667,"ENERO",1.2534,2.1166,2.3629
158,1224,"ENERO",1.0702,1.9081,2.1752
159,1223,"ENERO",1.0702,1.9081,2.1752
160,1197,"ENERO",1.0702,1.9081,2.1752
161,1213,"ENERO",1.0702,1.9081,2.1752
162,1214,"ENERO",1.0283,1.8428,2.0747
163,1196,"ENERO",1.0702,1.9081,2.1752
164,46,"FEBRERO",1.0753,1.918,2.1867
165,45,"FEBRERO",1.0753,1.918,2.1867
166,43,"FEBRERO",1.0753,1.918,2.1867
167,37,"FEBRERO",1.0753,1.918,2.1867
168,44,"FEBRERO",1.0753,1.918,2.1867
169,51,"FEBRERO",0.6193,0.9676,1.3098
170,50,"FEBRERO",0.6193,0.9676,1.3098
171,49,"FEBRERO",0.6193,0.9676,1.3098
172,48,"FEBRERO",0.6193,0.9676,1.3098
173,52,"FEBRERO",0.6193,0.9676,1.3098
174,53,"FEBRERO",2.146,2.7277,3.844
175,54,"FEBRERO",2.146,2.7277,3.844
176,55,"FEBRERO",2.146,2.7277,3.844
177,57,"FEBRERO",2.146,2.7277,3.844
178,56,"FEBRERO",2.146,2.7277,3.844
179,59,"FEBRERO",1.2596,2.1277,2.3755
180,60,"FEBRERO",1.2596,2.1277,2.3755
181,62,"FEBRERO",1.2596,2.1277,2.3755
182,61,"FEBRERO",1.2596,2.1277,2.3755
183,68,"FEBRERO",1.2596,2.1277,2.3755
184,1581,"FEBRERO",1.03,1.7956,2.0152
185,1776,"FEBRERO",1.03,1.7956,2.0152
186,1529,"FEBRERO",1.03,1.7956,2.0152
187,86,"FEBRERO",1.03,1.7956,2.0152
188,1237,"FEBRERO",1.03,1.7956,2.0152
189,1723,"FEBRERO",1.0411,1.6617,1.9463
190,137,"FEBRERO",1.0411,1.6617,1.9463
191,139,"FEBRERO",1.0411,1.6617,1.9463
192,129,"FEBRERO",1.0411,1.6617,1.9463
193,141,"FEBRERO",1.0411,1.6617,1.9463
194,184,"FEBRERO",1.1382,1.8838,2.2047
195,171,"FEBRERO",1.1382,1.8838,2.2047
196,178,"FEBRERO",1.13,1.8728,2.1887
197,174,"FEBRERO",1.1382,1.8838,2.2047
198,179,"FEBRERO",1.13,1.8728,2.1887
199,188,"FEBRERO",1.0407,1.6213,1.7604
200,222,"FEBRERO",1.0407,1.6213,1.7604
201,193,"FEBRERO",1.0407,1.6213,1.7604
202,205,"FEBRERO",1.0407,1.6213,1.7604
203,218,"FEBRERO",1.0407,1.6213,1.7604
204,226,"FEBRERO",1.073,1.9207,2.1645
205,225,"FEBRERO",1.073,1.9207,2.1645
206,223,"FEBRERO",1.073,1.9207,2.1645
207,231,"FEBRERO",1.073,1.9207,2.1645
208,228,"FEBRERO",1.073,1.9207,2.1645
209,240,"FEBRERO",1.0411,1.6617,1.9463
210,265,"FEBRERO",1.0411,1.6617,1.9463
211,234,"FEBRERO",1.0411,1.6617,1.9463
212,248,"FEBRERO",1.0411,1.6617,1.9463
213,239,"FEBRERO",1.0411,1.6617,1.9463
214,297,"FEBRERO",1.1382,1.8838,2.2047
215,289,"FEBRERO",0.9834,1.7445,1.9759
216,1266,"FEBRERO",0.9834,1.7445,1.9759
217,296,"FEBRERO",1.1269,1.8598,2.1758
218,1992,"FEBRERO",1.1269,1.8598,2.1758
219,353,"FEBRERO",1.0753,1.918,2.1867
220,363,"FEBRERO",1.0753,1.918,2.1867
221,339,"FEBRERO",1.0753,1.918,2.1867
222,368,"FEBRERO",1.0753,1.918,2.1867
223,362,"FEBRERO",1.0753,1.918,2.1867
224,396,"FEBRERO",1.073,1.9207,2.1645
225,397,"FEBRERO",0.9834,1.7445,1.9759
226,1360,"FEBRERO",0.9834,1.7445,1.9759
227,414,"FEBRERO",0.9834,1.7445,1.9759
228,385,"FEBRERO",0.9834,1.7445,1.9759
229,383,"FEBRERO",0.9834,1.7445,1.9759
230,474,"FEBRERO",1.0753,1.918,2.1867
231,1788,"FEBRERO",1.0192,1.7309,2.0075
232,436,"FEBRERO",1.0753,1.918,2.1867
233,437,"FEBRERO",1.0703,1.9216,2.1702
234,1549,"FEBRERO",1.0703,1.9216,2.1702
235,479,"FEBRERO",1.0703,1.9216,2.1702
236,541,"FEBRERO",1.0332,1.8524,2.0856
237,1796,"FEBRERO",1.0332,1.8524,2.0856
238,1375,"FEBRERO",1.073,1.9207,2.1645
239,1376,"FEBRERO",1.073,1.9207,2.1645
240,520,"FEBRERO",1.073,1.9207,2.1645
241,521,"FEBRERO",1.073,1.9207,2.1645
242,1563,"FEBRERO",1.0332,1.8524,2.0856
243,588,"FEBRERO",1.073,1.9207,2.1645
244,596,"FEBRERO",1.073,1.9207,2.1645
245,2036,"FEBRERO",1.073,1.9207,2.1645
246,1386,"FEBRERO",1.073,1.9207,2.1645
247,595,"FEBRERO",1.073,1.9207,2.1645
248,632,"FEBRERO",0.9834,1.7445,1.9759
249,621,"FEBRERO",0.9834,1.7445,1.9759
250,631,"FEBRERO",0.9834,1.7445,1.9759
251,617,"FEBRERO",0.9834,1.7445,1.9759
252,620,"FEBRERO",0.9834,1.7445,1.9759
253,641,"FEBRERO",1.0332,1.8524,2.0856
254,648,"FEBRERO",1.0332,1.8524,2.0856
255,640,"FEBRERO",1.0332,1.8524,2.0856
256,649,"FEBRERO",1.0332,1.8524,2.0856
257,656,"FEBRERO",1.0332,1.8524,2.0856
258,667,"FEBRERO",1.0407,1.6213,1.7604
259,697,"FEBRERO",1.0407,1.6213,1.7604
260,661,"FEBRERO",1.0407,1.6213,1.7604
261,660,"FEBRERO",1.0407,1.6213,1.7604
262,670,"FEBRERO",1.0407,1.6213,1.7604
263,2170,"FEBRERO",1.03,1.7956,2.0152
264,2204,"FEBRERO",1.03,1.7956,2.0152
265,2053,"FEBRERO",1.03,1.7956,2.0152
266,2314,"FEBRERO",1.03,1.7956,2.0152
267,2389,"FEBRERO",1.03,1.7956,2.0152
268,2568,"FEBRERO",1.0703,1.9216,2.1702
269,2569,"FEBRERO",0.9459,1.6712,1.8786
270,809,"FEBRERO",1.0703,1.9216,2.1702
271,781,"FEBRERO",1.0703,1.9216,2.1702
272,1455,"FEBRERO",1.0703,1.9216,2.1702
273,1456,"FEBRERO",0.9459,1.6712,1.8786
274,1854,"FEBRERO",1.0703,1.9216,2.1702
275,1855,"FEBRERO",0.9459,1.6712,1.8786
276,820,"FEBRERO",1.0753,1.918,2.1867
277,825,"FEBRERO",1.0753,1.918,2.1867
278,815,"FEBRERO",1.0192,1.7309,2.0075
279,826,"FEBRERO",1.0753,1.918,2.1867
280,813,"FEBRERO",1.0753,1.918,2.1867
281,836,"FEBRERO",1.2596,2.1277,2.3755
282,841,"FEBRERO",1.2596,2.1277,2.3755
283,835,"FEBRERO",1.2596,2.1277,2.3755
284,840,"FEBRERO",1.2596,2.1277,2.3755
285,837,"FEBRERO",1.2596,2.1277,2.3755
286,1676,"FEBRERO",1.0753,1.918,2.1867
287,871,"FEBRERO",1.0192,1.7309,2.0075
288,870,"FEBRERO",1.0192,1.7309,2.0075
289,1461,"FEBRERO",1.0192,1.7309,2.0075
290,882,"FEBRERO",1.0192,1.7309,2.0075
291,910,"FEBRERO",0.9877,1.5894,1.763
292,895,"FEBRERO",0.9877,1.5894,1.763
293,896,"FEBRERO",1.0332,1.8524,2.0856
294,897,"FEBRERO",0.9877,1.5894,1.763
295,898,"FEBRERO",0.9877,1.5894,1.763
296,894,"FEBRERO",0.9877,1.5894,1.763
297,951,"FEBRERO",0.9877,1.5894,1.763
298,933,"FEBRERO",0.9877,1.5894,1.763
299,1466,"FEBRERO",0.9877,1.5894,1.763
300,942,"FEBRERO",0.9877,1.5894,1.763
301,1463,"FEBRERO",0.9877,1.5894,1.763
302,970,"FEBRERO",1.03,1.7956,2.0152
303,968,"FEBRERO",1.03,1.7956,2.0152
304,976,"FEBRERO",1.03,1.7956,2.0152
305,969,"FEBRERO",1.03,1.7956,2.0152
306,961,"FEBRERO",1.03,1.7956,2.0152
307,993,"FEBRERO",1.0192,1.7309,2.0075
308,1001,"FEBRERO",1.0192,1.7309,2.0075
309,982,"FEBRERO",1.0192,1.7309,2.0075
310,981,"FEBRERO",1.0192,1.7309,2.0075
311,995,"FEBRERO",1.0192,1.7309,2.0075
312,1058,"FEBRERO",1.0703,1.9216,2.1702
313,1057,"FEBRERO",1.0703,1.9216,2.1702
314,1059,"FEBRERO",1.0703,1.9216,2.1702
315,1026,"FEBRERO",1.0703,1.9216,2.1702
316,1044,"FEBRERO",1.0703,1.9216,2.1702
317,2623,"FEBRERO",0.9459,1.6712,1.8786
318,1870,"FEBRERO",0.9459,1.6712,1.8786
319,1704,"FEBRERO",0.9459,1.6712,1.8786
320,2600,"FEBRERO",0.9459,1.6712,1.8786
321,2594,"FEBRERO",0.9459,1.6712,1.8786
322,1888,"FEBRERO",1.2596,2.1277,2.3755
323,2673,"FEBRERO",1.2596,2.1277,2.3755
324,2668,"FEBRERO",1.2596,2.1277,2.3755
325,1128,"FEBRERO",1.2596,2.1277,2.3755
326,1142,"FEBRERO",1.2596,2.1277,2.3755
327,1183,"FEBRERO",1.0753,1.918,2.1867
328,1222,"FEBRERO",1.0753,1.918,2.1867
329,1187,"FEBRERO",1.0753,1.918,2.1867
330,1209,"FEBRERO",1.0753,1.918,2.1867
331,1178,"FEBRERO",1.0753,1.918,2.1867
332,37,"MARZO",1.0865,1.9398,2.2119
333,38,"MARZO",1.0865,1.9398,2.2119
334,47,"MARZO",1.0865,1.9398,2.2119
335,41,"MARZO",1.0865,1.9398,2.2119
336,45,"MARZO",1.0865,1.9398,2.2119
337,51,"MARZO",0.6247,0.9774,1.3239
338,50,"MARZO",0.6247,0.9774,1.3239
339,49,"MARZO",0.6247,0.9774,1.3239
340,48,"MARZO",0.6247,0.9774,1.3239
341,52,"MARZO",0.6247,0.9774,1.3239
342,53,"MARZO",2.1707,2.7598,3.8901
343,54,"MARZO",2.1707,2.7598,3.8901
344,55,"MARZO",2.1707,2.7598,3.8901
345,57,"MARZO",2.1707,2.7598,3.8901
346,56,"MARZO",2.1707,2.7598,3.8901
347,65,"MARZO",1.2731,2.1522,2.4031
348,59,"MARZO",1.2731,2.1522,2.4031
349,58,"MARZO",1.2731,2.1522,2.4031
350,68,"MARZO",1.2731,2.1522,2.4031
351,62,"MARZO",1.2731,2.1522,2.4031
352,1241,"MARZO",1.0406,1.8158,2.0382
353,94,"MARZO",1.0406,1.8158,2.0382
354,1729,"MARZO",1.0406,1.8158,2.0382
355,1734,"MARZO",1.0406,1.8158,2.0382
356,1320,"MARZO",1.0406,1.8158,2.0382
357,165,"MARZO",1.0518,1.6803,1.9685
358,139,"MARZO",1.0518,1.6803,1.9685
359,1722,"MARZO",1.0518,1.6803,1.9685
360,157,"MARZO",1.0518,1.6803,1.9685
361,1322,"MARZO",1.0518,1.6803,1.9685
362,181,"MARZO",1.1388,1.8808,2.2009
363,181,"MARZO",1.1419,1.8941,2.2139
364,174,"MARZO",1.1502,1.9052,2.2301
365,169,"MARZO",1.1419,1.8941,2.2139
366,184,"MARZO",1.1502,1.9052,2.2301
367,183,"MARZO",1.1502,1.9052,2.2301
368,195,"MARZO",1.0515,1.6394,1.7803
369,200,"MARZO",1.0515,1.6394,1.7803
370,206,"MARZO",1.0515,1.6394,1.7803
371,185,"MARZO",1.0518,1.6803,1.9685
372,190,"MARZO",1.0515,1.6394,1.7803
373,228,"MARZO",1.0841,1.9425,2.1894
374,230,"MARZO",1.0841,1.9425,2.1894
375,224,"MARZO",1.0841,1.9425,2.1894
376,232,"MARZO",1.0841,1.9425,2.1894
377,223,"MARZO",1.0841,1.9425,2.1894
378,266,"MARZO",1.0518,1.6803,1.9685
379,245,"MARZO",1.0518,1.6803,1.9685
380,260,"MARZO",1.0518,1.6803,1.9685
381,264,"MARZO",1.0518,1.6803,1.9685
382,243,"MARZO",1.0518,1.6803,1.9685
383,1588,"MARZO",1.1502,1.9052,2.2301
384,1356,"MARZO",1.1502,1.9052,2.2301
385,1539,"MARZO",1.1388,1.8808,2.2009
386,300,"MARZO",1.1502,1.9052,2.2301
387,312,"MARZO",1.1388,1.8808,2.2009
388,331,"MARZO",1.0865,1.9398,2.2119
389,334,"MARZO",1.0865,1.9398,2.2119
390,368,"MARZO",1.0865,1.9398,2.2119
391,323,"MARZO",1.0865,1.9398,2.2119
392,329,"MARZO",1.0865,1.9398,2.2119
393,417,"MARZO",0.9934,1.7641,1.9985
394,1268,"MARZO",0.9934,1.7641,1.9985
395,1361,"MARZO",0.9934,1.7641,1.9985
396,1546,"MARZO",0.9934,1.7641,1.9985
397,1783,"MARZO",0.9934,1.7641,1.9985
398,1601,"MARZO",1.0865,1.9398,2.2119
399,1363,"MARZO",1.0865,1.9398,2.2119
400,474,"MARZO",1.0865,1.9398,2.2119
401,1286,"MARZO",1.0865,1.9398,2.2119
402,1283,"MARZO",1.0814,1.9435,2.1952
403,499,"MARZO",1.0865,1.9398,2.2119
404,500,"MARZO",1.0841,1.9425,2.1894
405,538,"MARZO",1.0438,1.8734,2.1095
406,1296,"MARZO",1.0865,1.9398,2.2119
407,1796,"MARZO",1.0438,1.8734,2.1095
408,544,"MARZO",1.0438,1.8734,2.1095
409,584,"MARZO",1.0841,1.9425,2.1894
410,1407,"MARZO",1.0841,1.9425,2.1894
411,2035,"MARZO",1.0841,1.9425,2.1894
412,563,"MARZO",1.0841,1.9425,2.1894
413,2029,"MARZO",1.0841,1.9425,2.1894
414,621,"MARZO",0.9934,1.7641,1.9985
415,629,"MARZO",0.9934,1.7641,1.9985
416,637,"MARZO",0.9934,1.7641,1.9985
417,622,"MARZO",0.9934,1.7641,1.9985
418,613,"MARZO",0.9934,1.7641,1.9985
419,641,"MARZO",1.0438,1.8734,2.1095
420,652,"MARZO",1.0438,1.8734,2.1095
421,639,"MARZO",1.0438,1.8734,2.1095
422,643,"MARZO",1.0438,1.8734,2.1095
423,653,"MARZO",1.0438,1.8734,2.1095
424,707,"MARZO",1.0515,1.6394,1.7803
425,683,"MARZO",1.0515,1.6394,1.7803
426,696,"MARZO",1.0515,1.6394,1.7803
427,676,"MARZO",1.0515,1.6394,1.7803
428,680,"MARZO",1.0515,1.6394,1.7803
429,2164,"MARZO",1.0406,1.8158,2.0382
430,1919,"MARZO",1.0406,1.8158,2.0382
431,2405,"MARZO",1.0406,1.8158,2.0382
432,2207,"MARZO",0.9554,1.6899,1.8999
433,2326,"MARZO",1.0406,1.8158,2.0382
434,1445,"MARZO",1.0814,1.9435,2.1952
435,767,"MARZO",1.0814,1.9435,2.1952
436,1673,"MARZO",0.9554,1.6899,1.8999
437,2515,"MARZO",0.9554,1.6899,1.8999
438,1848,"MARZO",1.0814,1.9435,2.1952
439,825,"MARZO",1.0865,1.9398,2.2119
440,822,"MARZO",1.0865,1.9398,2.2119
441,826,"MARZO",1.0865,1.9398,2.2119
442,814,"MARZO",1.0865,1.9398,2.2119
443,820,"MARZO",1.0865,1.9398,2.2119
444,836,"MARZO",1.2731,2.1522,2.4031
445,841,"MARZO",1.2731,2.1522,2.4031
446,832,"MARZO",1.2731,2.1522,2.4031
447,840,"MARZO",1.2731,2.1522,2.4031
448,834,"MARZO",1.2731,2.1522,2.4031
449,882,"MARZO",1.0297,1.7503,2.0304
450,863,"MARZO",1.0865,1.9398,2.2119
451,1676,"MARZO",1.0865,1.9398,2.2119
452,887,"MARZO",1.0297,1.7503,2.0304
453,873,"MARZO",1.0865,1.9398,2.2119
454,898,"MARZO",0.9977,1.6071,1.7828
455,893,"MARZO",0.9977,1.6071,1.7828
456,907,"MARZO",0.9977,1.6071,1.7828
457,908,"MARZO",0.9977,1.6071,1.7828
458,902,"MARZO",0.9977,1.6071,1.7828
459,937,"MARZO",0.9977,1.6071,1.7828
460,959,"MARZO",0.9977,1.6071,1.7828
461,925,"MARZO",0.9977,1.6071,1.7828
462,943,"MARZO",0.9977,1.6071,1.7828
463,954,"MARZO",0.9977,1.6071,1.7828
464,978,"MARZO",1.0406,1.8158,2.0382
465,962,"MARZO",0.9554,1.6899,1.8999
466,963,"MARZO",1.0406,1.8158,2.0382
467,974,"MARZO",1.0406,1.8158,2.0382
468,977,"MARZO",1.0406,1.8158,2.0382
469,966,"MARZO",1.0406,1.8158,2.0382
470,991,"MARZO",1.0297,1.7503,2.0304
471,1003,"MARZO",1.0297,1.7503,2.0304
472,1020,"MARZO",1.0297,1.7503,2.0304
473,999,"MARZO",1.0515,1.6394,1.7803
474,1000,"MARZO",1.0297,1.7503,2.0304
475,1035,"MARZO",1.0814,1.9435,2.1952
476,1684,"MARZO",1.0814,1.9435,2.1952
477,1040,"MARZO",1.0814,1.9435,2.1952
478,1028,"MARZO",1.0814,1.9435,2.1952
479,1064,"MARZO",1.0814,1.9435,2.1952
480,1086,"MARZO",0.9554,1.6899,1.8999
481,2651,"MARZO",0.9554,1.6899,1.8999
482,2586,"MARZO",0.9554,1.6899,1.8999
483,2589,"MARZO",0.9554,1.6899,1.8999
484,2653,"MARZO",0.9554,1.6899,1.8999
485,1885,"MARZO",1.2731,2.1522,2.4031
486,1149,"MARZO",1.2731,2.1522,2.4031
487,1891,"MARZO",1.2731,2.1522,2.4031
488,2671,"MARZO",1.2731,2.1522,2.4031
489,1175,"MARZO",1.2731,2.1522,2.4031
490,1189,"MARZO",1.0865,1.9398,2.2119
491,1186,"MARZO",1.0865,1.9398,2.2119
492,1198,"MARZO",1.0865,1.9398,2.2119
493,1522,"MARZO",1.0865,1.9398,2.2119
494,1177,"MARZO",1.0865,1.9398,2.2119
495,39,"ABRIL",1.0865,1.9399,2.212
496,44,"ABRIL",1.0865,1.9399,2.212
497,47,"ABRIL",1.0865,1.9399,2.212
498,37,"ABRIL",1.0865,1.9399,2.212
499,46,"ABRIL",1.0865,1.9399,2.212
500,51,"ABRIL",0.6247,0.9774,1.3239
501,50,"ABRIL",0.6247,0.9774,1.3239
502,49,"ABRIL",0.6247,0.9774,1.3239
503,48,"ABRIL",0.6247,0.9774,1.3239
504,52,"ABRIL",0.6247,0.9774,1.3239
505,53,"ABRIL",2.1708,2.7598,3.8902
506,54,"ABRIL",2.1708,2.7598,3.8902
507,55,"ABRIL",2.1708,2.7598,3.8902
508,57,"ABRIL",2.1708,2.7598,3.8902
509,56,"ABRIL",2.1708,2.7598,3.8902
510,66,"ABRIL",1.0406,1.8159,2.0383
511,61,"ABRIL",1.2731,2.1523,2.4031
512,62,"ABRIL",1.2731,2.1523,2.4031
513,67,"ABRIL",1.2731,2.1523,2.4031
514,64,"ABRIL",1.2731,2.1523,2.4031
515,86,"ABRIL",1.0406,1.8159,2.0383
516,1529,"ABRIL",1.0406,1.8159,2.0383
517,1315,"ABRIL",1.0406,1.8159,2.0383
518,73,"ABRIL",1.0406,1.8159,2.0383
519,91,"ABRIL",1.0406,1.8159,2.0383
520,120,"ABRIL",1.0518,1.6803,1.9686
521,139,"ABRIL",1.0518,1.6803,1.9686
522,138,"ABRIL",1.0518,1.6803,1.9686
523,166,"ABRIL",1.0518,1.6803,1.9686
524,121,"ABRIL",1.0518,1.6803,1.9686
525,175,"ABRIL",1.1502,1.9052,2.2301
526,183,"ABRIL",1.1502,1.9052,2.2301
527,182,"ABRIL",1.1388,1.8809,2.2009
528,182,"ABRIL",1.1419,1.8941,2.214
529,179,"ABRIL",1.1419,1.8941,2.214
530,173,"ABRIL",1.1419,1.8941,2.214
531,173,"ABRIL",1.1502,1.9052,2.2301
532,204,"ABRIL",1.0865,1.9399,2.212
533,210,"ABRIL",1.0515,1.6394,1.7803
534,201,"ABRIL",1.0515,1.6394,1.7803
535,207,"ABRIL",1.0515,1.6394,1.7803
536,217,"ABRIL",1.0515,1.6394,1.7803
537,227,"ABRIL",1.0842,1.9426,2.1895
538,225,"ABRIL",1.0842,1.9426,2.1895
539,228,"ABRIL",1.0842,1.9426,2.1895
540,226,"ABRIL",1.0842,1.9426,2.1895
541,230,"ABRIL",1.0842,1.9426,2.1895
542,251,"ABRIL",1.0518,1.6803,1.9686
543,241,"ABRIL",1.0518,1.6803,1.9686
544,263,"ABRIL",1.0518,1.6803,1.9686
545,256,"ABRIL",1.0518,1.6803,1.9686
546,242,"ABRIL",1.0518,1.6803,1.9686
547,1993,"ABRIL",1.1502,1.9052,2.2301
548,1535,"ABRIL",1.1388,1.8809,2.2009
549,1254,"ABRIL",1.1502,1.9052,2.2301
550,279,"ABRIL",0.9934,1.7642,1.9985
551,1251,"ABRIL",1.1502,1.9052,2.2301
552,368,"ABRIL",1.0865,1.9399,2.212
553,337,"ABRIL",1.0865,1.9399,2.212
554,365,"ABRIL",1.0865,1.9399,2.212
555,342,"ABRIL",1.0865,1.9399,2.212
556,343,"ABRIL",1.0842,1.9426,2.1895
557,334,"ABRIL",1.0865,1.9399,2.212
558,416,"ABRIL",0.9934,1.7642,1.9985
559,1273,"ABRIL",0.9934,1.7642,1.9985
560,377,"ABRIL",0.9934,1.7642,1.9985
561,1594,"ABRIL",0.9934,1.7642,1.9985
562,1784,"ABRIL",0.9934,1.7642,1.9985
563,1549,"ABRIL",1.0814,1.9435,2.1953
564,1551,"ABRIL",1.0297,1.7504,2.0305
565,1552,"ABRIL",1.0297,1.7504,2.0305
566,433,"ABRIL",1.0814,1.9435,2.1953
567,1365,"ABRIL",1.0814,1.9435,2.1953
568,468,"ABRIL",1.0814,1.9435,2.1953
569,540,"ABRIL",1.0439,1.8734,2.1096
570,1370,"ABRIL",1.0865,1.9399,2.212
571,1300,"ABRIL",1.0439,1.8734,2.1096
572,1374,"ABRIL",1.0842,1.9426,2.1895
573,2017,"ABRIL",1.0439,1.8734,2.1096
574,1616,"ABRIL",1.0842,1.9426,2.1895
575,1617,"ABRIL",0.9934,1.7642,1.9985
576,1391,"ABRIL",1.0842,1.9426,2.1895
577,555,"ABRIL",1.0842,1.9426,2.1895
578,559,"ABRIL",1.0842,1.9426,2.1895
579,1400,"ABRIL",1.0842,1.9426,2.1895
580,1401,"ABRIL",1.0842,1.9426,2.1895
581,614,"ABRIL",0.9934,1.7642,1.9985
582,610,"ABRIL",0.9934,1.7642,1.9985
583,605,"ABRIL",0.9934,1.7642,1.9985
584,621,"ABRIL",0.9934,1.7642,1.9985
585,607,"ABRIL",0.9934,1.7642,1.9985
586,652,"ABRIL",1.0439,1.8734,2.1096
587,650,"ABRIL",1.0439,1.8734,2.1096
588,641,"ABRIL",1.0439,1.8734,2.1096
589,655,"ABRIL",1.0439,1.8734,2.1096
590,639,"ABRIL",1.0439,1.8734,2.1096
591,1409,"ABRIL",1.0515,1.6394,1.7803
592,680,"ABRIL",1.0515,1.6394,1.7803
593,691,"ABRIL",1.0515,1.6394,1.7803
594,683,"ABRIL",1.0515,1.6394,1.7803
595,688,"ABRIL",1.0515,1.6394,1.7803
596,2323,"ABRIL",1.0406,1.8159,2.0383
597,1427,"ABRIL",1.0406,1.8159,2.0383
598,720,"ABRIL",1.0406,1.8159,2.0383
599,1829,"ABRIL",1.0406,1.8159,2.0383
600,2405,"ABRIL",1.0406,1.8159,2.0383
601,1448,"ABRIL",1.0814,1.9435,2.1953
602,2508,"ABRIL",1.0814,1.9435,2.1953
603,807,"ABRIL",1.0814,1.9435,2.1953
604,2544,"ABRIL",1.0814,1.9435,2.1953
605,1655,"ABRIL",1.0814,1.9435,2.1953
606,814,"ABRIL",1.0865,1.9399,2.212
607,828,"ABRIL",1.0865,1.9399,2.212
608,821,"ABRIL",1.0865,1.9399,2.212
609,817,"ABRIL",1.0865,1.9399,2.212
610,823,"ABRIL",1.0297,1.7504,2.0305
611,841,"ABRIL",1.2731,2.1523,2.4031
612,836,"ABRIL",1.2731,2.1523,2.4031
613,834,"ABRIL",1.2731,2.1523,2.4031
614,833,"ABRIL",1.2731,2.1523,2.4031
615,832,"ABRIL",1.2731,2.1523,2.4031
616,865,"ABRIL",1.0297,1.7504,2.0305
617,882,"ABRIL",1.0297,1.7504,2.0305
618,875,"ABRIL",1.0297,1.7504,2.0305
619,850,"ABRIL",1.0297,1.7504,2.0305
620,853,"ABRIL",1.0297,1.7504,2.0305
621,893,"ABRIL",0.9978,1.6071,1.7829
622,904,"ABRIL",0.9978,1.6071,1.7829
623,908,"ABRIL",0.9978,1.6071,1.7829
624,898,"ABRIL",0.9978,1.6071,1.7829
625,910,"ABRIL",0.9978,1.6071,1.7829
626,913,"ABRIL",0.9978,1.6071,1.7829
627,921,"ABRIL",0.9978,1.6071,1.7829
628,1472,"ABRIL",0.9978,1.6071,1.7829
629,925,"ABRIL",0.9978,1.6071,1.7829
630,920,"ABRIL",0.9978,1.6071,1.7829
631,976,"ABRIL",1.0406,1.8159,2.0383
632,970,"ABRIL",1.0406,1.8159,2.0383
633,977,"ABRIL",1.0406,1.8159,2.0383
634,973,"ABRIL",1.0406,1.8159,2.0383
635,968,"ABRIL",1.0406,1.8159,2.0383
636,992,"ABRIL",1.0297,1.7504,2.0305
637,1014,"ABRIL",1.0297,1.7504,2.0305
638,995,"ABRIL",1.0297,1.7504,2.0305
639,997,"ABRIL",1.0297,1.7504,2.0305
640,1010,"ABRIL",1.0515,1.6394,1.7803
641,1060,"ABRIL",1.0814,1.9435,2.1953
642,1682,"ABRIL",1.0814,1.9435,2.1953
643,1026,"ABRIL",1.0814,1.9435,2.1953
644,1864,"ABRIL",1.0814,1.9435,2.1953
645,1473,"ABRIL",1.0814,1.9435,2.1953
646,1699,"ABRIL",1.0297,1.7504,2.0305
647,1700,"ABRIL",1.0297,1.7504,2.0305
648,2571,"ABRIL",0.9555,1.6899,1.8999
649,1082,"ABRIL",1.0297,1.7504,2.0305
650,2643,"ABRIL",0.9555,1.6899,1.8999
651,1102,"ABRIL",0.9555,1.6899,1.8999
652,2673,"ABRIL",1.2731,2.1523,2.4031
653,1171,"ABRIL",1.2731,2.1523,2.4031
654,1148,"ABRIL",1.2731,2.1523,2.4031
655,2672,"ABRIL",1.2731,2.1523,2.4031
656,1129,"ABRIL",1.2731,2.1523,2.4031
657,1180,"ABRIL",1.0865,1.9399,2.212
658,1224,"ABRIL",1.0865,1.9399,2.212
659,1894,"ABRIL",1.0865,1.9399,2.212
660,1186,"ABRIL",1.0865,1.9399,2.212
661,1178,"ABRIL",1.0865,1.9399,2.212
662,39,"MAYO",1.0865,1.9399,2.212
663,38,"MAYO",1.0865,1.9399,2.212
664,42,"MAYO",1.0865,1.9399,2.212
665,47,"MAYO",1.0865,1.9399,2.212
666,41,"MAYO",1.0865,1.9399,2.212
667,51,"MAYO",0.6247,0.9774,1.3239
668,50,"MAYO",0.6247,0.9774,1.3239
669,49,"MAYO",0.6247,0.9774,1.3239
670,48,"MAYO",0.6247,0.9774,1.3239
671,52,"MAYO",0.6247,0.9774,1.3239
672,53,"MAYO",2.1708,2.7599,3.8903
673,54,"MAYO",2.1708,2.7599,3.8903
674,55,"MAYO",2.1708,2.7599,3.8903
675,57,"MAYO",2.1708,2.7599,3.8903
676,56,"MAYO",2.1708,2.7599,3.8903
677,65,"MAYO",1.2731,2.1523,2.4032
678,67,"MAYO",1.2731,2.1523,2.4032
679,63,"MAYO",1.2731,2.1523,2.4032
680,59,"MAYO",1.2731,2.1523,2.4032
681,68,"MAYO",1.2731,2.1523,2.4032
682,112,"MAYO",1.0406,1.8159,2.0383
683,97,"MAYO",1.0406,1.8159,2.0383
684,1718,"MAYO",1.0406,1.8159,2.0383
685,99,"MAYO",1.0406,1.8159,2.0383
686,1240,"MAYO",1.0406,1.8159,2.0383
687,142,"MAYO",1.0519,1.6803,1.9686
688,151,"MAYO",1.0519,1.6803,1.9686
689,1245,"MAYO",1.0519,1.6803,1.9686
690,163,"MAYO",1.0519,1.6803,1.9686
691,121,"MAYO",1.0519,1.6803,1.9686
692,181,"MAYO",1.1388,1.8809,2.2009
693,181,"MAYO",1.1419,1.8941,2.214
694,183,"MAYO",1.1502,1.9052,2.2302
695,176,"MAYO",1.1502,1.9052,2.2302
696,172,"MAYO",1.1388,1.8809,2.2009
697,172,"MAYO",1.1419,1.8941,2.214
698,174,"MAYO",1.1502,1.9052,2.2302
699,203,"MAYO",1.0515,1.6395,1.7803
700,213,"MAYO",1.0515,1.6395,1.7803
701,205,"MAYO",1.0515,1.6395,1.7803
702,219,"MAYO",1.0515,1.6395,1.7803
703,185,"MAYO",1.0519,1.6803,1.9686
704,227,"MAYO",1.0842,1.9426,2.1895
705,228,"MAYO",1.0842,1.9426,2.1895
706,229,"MAYO",1.0842,1.9426,2.1895
707,226,"MAYO",1.0842,1.9426,2.1895
708,232,"MAYO",1.0842,1.9426,2.1895
709,268,"MAYO",1.0519,1.6803,1.9686
710,254,"MAYO",1.0519,1.6803,1.9686
711,265,"MAYO",1.0519,1.6803,1.9686
712,261,"MAYO",1.0519,1.6803,1.9686
713,237,"MAYO",1.0519,1.6803,1.9686
714,1265,"MAYO",1.1502,1.9052,2.2302
715,279,"MAYO",0.9934,1.7642,1.9985
716,298,"MAYO",1.1388,1.8809,2.2009
717,1995,"MAYO",1.1502,1.9052,2.2302
718,1262,"MAYO",1.1502,1.9052,2.2302
719,369,"MAYO",1.0865,1.9399,2.212
720,323,"MAYO",1.0865,1.9399,2.212
721,327,"MAYO",1.0865,1.9399,2.212
722,356,"MAYO",1.0865,1.9399,2.212
723,345,"MAYO",1.0865,1.9399,2.212
724,1273,"MAYO",0.9934,1.7642,1.9985
725,390,"MAYO",0.9934,1.7642,1.9985
726,423,"MAYO",0.9934,1.7642,1.9985
727,392,"MAYO",0.9934,1.7642,1.9985
728,379,"MAYO",0.9934,1.7642,1.9985
729,429,"MAYO",1.0814,1.9435,2.1953
730,1365,"MAYO",1.0814,1.9435,2.1953
731,1283,"MAYO",1.0814,1.9435,2.1953
732,1792,"MAYO",1.0814,1.9435,2.1953
733,1366,"MAYO",1.0297,1.7504,2.0305
734,1566,"MAYO",1.0439,1.8735,2.1096
735,1385,"MAYO",1.0439,1.8735,2.1096
736,2018,"MAYO",1.0842,1.9426,2.1895
737,2019,"MAYO",1.0842,1.9426,2.1895
738,485,"MAYO",1.0842,1.9426,2.1895
739,1289,"MAYO",1.0439,1.8735,2.1096
740,2031,"MAYO",1.0842,1.9426,2.1895
741,2028,"MAYO",1.0842,1.9426,2.1895
742,1389,"MAYO",1.0865,1.9399,2.212
743,1390,"MAYO",0.9934,1.7642,1.9985
744,1399,"MAYO",1.0842,1.9426,2.1895
745,1799,"MAYO",1.0865,1.9399,2.212
746,627,"MAYO",0.9934,1.7642,1.9985
747,614,"MAYO",0.9934,1.7642,1.9985
748,630,"MAYO",0.9934,1.7642,1.9985
749,634,"MAYO",0.9934,1.7642,1.9985
750,610,"MAYO",0.9934,1.7642,1.9985
751,640,"MAYO",1.0439,1.8735,2.1096
752,649,"MAYO",1.0439,1.8735,2.1096
753,653,"MAYO",1.0439,1.8735,2.1096
754,648,"MAYO",1.0439,1.8735,2.1096
755,652,"MAYO",1.0439,1.8735,2.1096
756,676,"MAYO",1.0515,1.6395,1.7803
757,685,"MAYO",1.0515,1.6395,1.7803
758,674,"MAYO",1.0515,1.6395,1.7803
759,662,"MAYO",1.0297,1.7504,2.0305
760,678,"MAYO",1.0515,1.6395,1.7803
761,2369,"MAYO",1.0406,1.8159,2.0383
762,1919,"MAYO",1.0406,1.8159,2.0383
763,1633,"MAYO",1.0406,1.8159,2.0383
764,2242,"MAYO",1.0406,1.8159,2.0383
765,2314,"MAYO",1.0406,1.8159,2.0383
766,2478,"MAYO",1.0814,1.9435,2.1953
767,797,"MAYO",0.9555,1.6899,1.9
768,777,"MAYO",1.0297,1.7504,2.0305
769,2559,"MAYO",1.0814,1.9435,2.1953
770,767,"MAYO",1.0814,1.9435,2.1953
771,824,"MAYO",1.0865,1.9399,2.212
772,821,"MAYO",1.0865,1.9399,2.212
773,819,"MAYO",1.0865,1.9399,2.212
774,817,"MAYO",1.0865,1.9399,2.212
775,822,"MAYO",1.0865,1.9399,2.212
776,840,"MAYO",1.2731,2.1523,2.4032
777,834,"MAYO",1.2731,2.1523,2.4032
778,837,"MAYO",1.2731,2.1523,2.4032
779,841,"MAYO",1.2731,2.1523,2.4032
780,833,"MAYO",1.2731,2.1523,2.4032
781,868,"MAYO",1.0297,1.7504,2.0305
782,849,"MAYO",1.0297,1.7504,2.0305
783,881,"MAYO",1.0297,1.7504,2.0305
784,864,"MAYO",1.0297,1.7504,2.0305
785,870,"MAYO",1.0297,1.7504,2.0305
786,909,"MAYO",0.9978,1.6072,1.7829
787,901,"MAYO",0.9978,1.6072,1.7829
788,905,"MAYO",0.9978,1.6072,1.7829
789,892,"MAYO",0.9978,1.6072,1.7829
790,894,"MAYO",0.9978,1.6072,1.7829
791,957,"MAYO",0.9978,1.6072,1.7829
792,945,"MAYO",0.9978,1.6072,1.7829
793,1681,"MAYO",0.9978,1.6072,1.7829
794,930,"MAYO",0.9978,1.6072,1.7829
795,947,"MAYO",0.9978,1.6072,1.7829
796,972,"MAYO",1.0406,1.8159,2.0383
797,961,"MAYO",1.0406,1.8159,2.0383
798,970,"MAYO",1.0406,1.8159,2.0383
799,973,"MAYO",1.0406,1.8159,2.0383
800,968,"MAYO",1.0406,1.8159,2.0383
801,1011,"MAYO",1.0515,1.6395,1.7803
802,992,"MAYO",1.0297,1.7504,2.0305
803,982,"MAYO",1.0297,1.7504,2.0305
804,998,"MAYO",1.0515,1.6395,1.7803
805,1008,"MAYO",1.0297,1.7504,2.0305
806,1683,"MAYO",1.0814,1.9435,2.1953
807,1055,"MAYO",1.0814,1.9435,2.1953
808,1685,"MAYO",1.0814,1.9435,2.1953
809,1042,"MAYO",1.0814,1.9435,2.1953
810,1061,"MAYO",1.0814,1.9435,2.1953
811,1869,"MAYO",0.9555,1.6899,1.9
812,2620,"MAYO",0.9555,1.6899,1.9
813,1113,"MAYO",0.9555,1.6899,1.9
814,1978,"MAYO",1.0297,1.7504,2.0305
815,1979,"MAYO",1.0297,1.7504,2.0305
816,1104,"MAYO",0.9555,1.6899,1.9
817,1175,"MAYO",1.2731,2.1523,2.4032
818,1129,"MAYO",1.2731,2.1523,2.4032
819,1889,"MAYO",1.2731,2.1523,2.4032
820,1154,"MAYO",1.2731,2.1523,2.4032
821,1172,"MAYO",1.2731,2.1523,2.4032
822,1191,"MAYO",1.0865,1.9399,2.212
823,1179,"MAYO",1.0865,1.9399,2.212
824,1895,"MAYO",1.0865,1.9399,2.212
825,1188,"MAYO",1.0865,1.9399,2.212
826,1220,"MAYO",1.0865,1.9399,2.212
827,37,"JUNIO",1.0865,1.9399,2.212
828,46,"JUNIO",1.0865,1.9399,2.212
829,41,"JUNIO",1.0865,1.9399,2.212
830,42,"JUNIO",1.0865,1.9399,2.212
831,39,"JUNIO",1.0865,1.9399,2.212
832,51,"JUNIO",0.6247,0.9774,1.3239
833,50,"JUNIO",0.6247,0.9774,1.3239
834,49,"JUNIO",0.6247,0.9774,1.3239
835,48,"JUNIO",0.6247,0.9774,1.3239
836,52,"JUNIO",0.6247,0.9774,1.3239
837,53,"JUNIO",2.1708,2.7598,3.8903
838,54,"JUNIO",2.1708,2.7598,3.8903
839,55,"JUNIO",2.1708,2.7598,3.8903
840,57,"JUNIO",2.1708,2.7598,3.8903
841,56,"JUNIO",2.1708,2.7598,3.8903
842,59,"JUNIO",1.2731,2.1523,2.4031
843,68,"JUNIO",1.2731,2.1523,2.4031
844,64,"JUNIO",1.2731,2.1523,2.4031
845,61,"JUNIO",1.2731,2.1523,2.4031
846,58,"JUNIO",1.2731,2.1523,2.4031
847,116,"JUNIO",1.0406,1.8159,2.0383
848,1336,"JUNIO",1.0406,1.8159,2.0383
849,91,"JUNIO",1.0406,1.8159,2.0383
850,1318,"JUNIO",1.0406,1.8159,2.0383
851,112,"JUNIO",1.0406,1.8159,2.0383
852,145,"JUNIO",1.0519,1.6803,1.9686
853,1345,"JUNIO",1.0519,1.6803,1.9686
854,167,"JUNIO",1.0519,1.6803,1.9686
855,146,"JUNIO",1.0519,1.6803,1.9686
856,141,"JUNIO",1.0519,1.6803,1.9686
857,173,"JUNIO",1.1419,1.8941,2.214
858,173,"JUNIO",1.1502,1.9052,2.2302
859,179,"JUNIO",1.1419,1.8941,2.214
860,182,"JUNIO",1.1388,1.8809,2.2009
861,182,"JUNIO",1.1419,1.8941,2.214
862,178,"JUNIO",1.1419,1.8941,2.214
863,181,"JUNIO",1.1388,1.8809,2.2009
864,181,"JUNIO",1.1419,1.8941,2.214
865,221,"JUNIO",1.0515,1.6395,1.7803
866,186,"JUNIO",1.0515,1.6395,1.7803
867,192,"JUNIO",1.0515,1.6395,1.7803
868,193,"JUNIO",1.0515,1.6395,1.7803
869,220,"JUNIO",1.0515,1.6395,1.7803
870,229,"JUNIO",1.0842,1.9426,2.1895
871,231,"JUNIO",1.0842,1.9426,2.1895
872,224,"JUNIO",1.0842,1.9426,2.1895
873,227,"JUNIO",1.0842,1.9426,2.1895
874,230,"JUNIO",1.0842,1.9426,2.1895
875,269,"JUNIO",1.0519,1.6803,1.9686
876,235,"JUNIO",1.0519,1.6803,1.9686
877,252,"JUNIO",1.0519,1.6803,1.9686
878,238,"JUNIO",0.9978,1.6071,1.7829
879,264,"JUNIO",1.0519,1.6803,1.9686
880,1355,"JUNIO",1.1502,1.9052,2.2302
881,1725,"JUNIO",1.1388,1.8809,2.2009
882,1592,"JUNIO",0.9934,1.7642,1.9985
883,1593,"JUNIO",1.1502,1.9052,2.2302
884,1265,"JUNIO",1.1502,1.9052,2.2302
885,1991,"JUNIO",1.1502,1.9052,2.2302
886,340,"JUNIO",1.0865,1.9399,2.212
887,363,"JUNIO",1.0865,1.9399,2.212
888,370,"JUNIO",1.0865,1.9399,2.212
889,369,"JUNIO",1.0865,1.9399,2.212
890,359,"JUNIO",1.0865,1.9399,2.212
891,1596,"JUNIO",0.9934,1.7642,1.9985
892,381,"JUNIO",0.9934,1.7642,1.9985
893,395,"JUNIO",0.9934,1.7642,1.9985
894,411,"JUNIO",0.9934,1.7642,1.9985
895,400,"JUNIO",0.9934,1.7642,1.9985
896,1276,"JUNIO",1.0297,1.7504,2.0305
897,1792,"JUNIO",1.0814,1.9435,2.1953
898,1284,"JUNIO",1.0297,1.7504,2.0305
899,433,"JUNIO",1.0814,1.9435,2.1953
900,472,"JUNIO",1.0297,1.7504,2.0305
901,510,"JUNIO",1.0865,1.9399,2.212
902,524,"JUNIO",1.0865,1.9399,2.212
903,525,"JUNIO",1.0439,1.8734,2.1096
904,1796,"JUNIO",1.0439,1.8734,2.1096
905,1793,"JUNIO",1.0842,1.9426,2.1895
906,1297,"JUNIO",1.0842,1.9426,2.1895
907,1298,"JUNIO",1.0842,1.9426,2.1895
908,1576,"JUNIO",1.0842,1.9426,2.1895
909,2028,"JUNIO",1.0842,1.9426,2.1895
910,1391,"JUNIO",1.0842,1.9426,2.1895
911,583,"JUNIO",1.0842,1.9426,2.1895
912,592,"JUNIO",1.0842,1.9426,2.1895
913,622,"JUNIO",0.9934,1.7642,1.9985
914,628,"JUNIO",0.9934,1.7642,1.9985
915,635,"JUNIO",1.0814,1.9435,2.1953
916,636,"JUNIO",0.9934,1.7642,1.9985
917,610,"JUNIO",0.9934,1.7642,1.9985
918,626,"JUNIO",0.9934,1.7642,1.9985
919,639,"JUNIO",1.0439,1.8734,2.1096
920,653,"JUNIO",1.0439,1.8734,2.1096
921,655,"JUNIO",1.0439,1.8734,2.1096
922,657,"JUNIO",1.0439,1.8734,2.1096
923,656,"JUNIO",1.0439,1.8734,2.1096
924,698,"JUNIO",1.0515,1.6395,1.7803
925,689,"JUNIO",1.0515,1.6395,1.7803
926,1409,"JUNIO",1.0515,1.6395,1.7803
927,694,"JUNIO",1.0515,1.6395,1.7803
928,702,"JUNIO",1.0515,1.6395,1.7803
929,1426,"JUNIO",1.0406,1.8159,2.0383
930,711,"JUNIO",1.0406,1.8159,2.0383
931,2335,"JUNIO",1.0406,1.8159,2.0383
932,2076,"JUNIO",1.0406,1.8159,2.0383
933,2289,"JUNIO",1.0406,1.8159,2.0383
934,1951,"JUNIO",1.0814,1.9435,2.1953
935,2484,"JUNIO",1.0814,1.9435,2.1953
936,2485,"JUNIO",0.9934,1.7642,1.9985
937,2558,"JUNIO",1.0814,1.9435,2.1953
938,771,"JUNIO",1.0814,1.9435,2.1953
939,2552,"JUNIO",1.0814,1.9435,2.1953
940,814,"JUNIO",1.0865,1.9399,2.212
941,817,"JUNIO",1.0865,1.9399,2.212
942,821,"JUNIO",1.0865,1.9399,2.212
943,813,"JUNIO",1.0865,1.9399,2.212
944,820,"JUNIO",1.0865,1.9399,2.212
945,832,"JUNIO",1.2731,2.1523,2.4031
946,836,"JUNIO",1.2731,2.1523,2.4031
947,834,"JUNIO",1.2731,2.1523,2.4031
948,833,"JUNIO",1.2731,2.1523,2.4031
949,839,"JUNIO",1.2731,2.1523,2.4031
950,1858,"JUNIO",1.0297,1.7504,2.0305
951,847,"JUNIO",1.0297,1.7504,2.0305
952,866,"JUNIO",1.0297,1.7504,2.0305
953,873,"JUNIO",1.0865,1.9399,2.212
954,889,"JUNIO",1.0297,1.7504,2.0305
955,907,"JUNIO",0.9978,1.6071,1.7829
956,908,"JUNIO",0.9978,1.6071,1.7829
957,900,"JUNIO",0.9978,1.6071,1.7829
958,903,"JUNIO",0.9978,1.6071,1.7829
959,909,"JUNIO",0.9978,1.6071,1.7829
960,924,"JUNIO",0.9978,1.6071,1.7829
961,913,"JUNIO",0.9978,1.6071,1.7829
962,943,"JUNIO",0.9978,1.6071,1.7829
963,947,"JUNIO",0.9978,1.6071,1.7829
964,1469,"JUNIO",0.9978,1.6071,1.7829
965,967,"JUNIO",1.0406,1.8159,2.0383
966,970,"JUNIO",1.0406,1.8159,2.0383
967,975,"JUNIO",1.0406,1.8159,2.0383
968,961,"JUNIO",1.0406,1.8159,2.0383
969,966,"JUNIO",1.0406,1.8159,2.0383
970,997,"JUNIO",1.0297,1.7504,2.0305
971,1015,"JUNIO",1.0297,1.7504,2.0305
972,995,"JUNIO",1.0297,1.7504,2.0305
973,1014,"JUNIO",1.0297,1.7504,2.0305
974,1021,"JUNIO",1.0297,1.7504,2.0305
975,1061,"JUNIO",1.0814,1.9435,2.1953
976,1056,"JUNIO",1.0814,1.9435,2.1953
977,1045,"JUNIO",1.0814,1.9435,2.1953
978,1053,"JUNIO",1.0814,1.9435,2.1953
979,1030,"JUNIO",1.0814,1.9435,2.1953
980,1499,"JUNIO",0.9555,1.6899,1.9
981,1123,"JUNIO",0.9555,1.6899,1.9
982,2640,"JUNIO",1.0297,1.7504,2.0305
983,2641,"JUNIO",1.0297,1.7504,2.0305
984,1975,"JUNIO",0.9555,1.6899,1.9
985,1099,"JUNIO",0.9555,1.6899,1.9
986,1514,"JUNIO",1.2731,2.1523,2.4031
987,2678,"JUNIO",1.2731,2.1523,2.4031
988,1884,"JUNIO",1.2731,2.1523,2.4031
989,1511,"JUNIO",1.2731,2.1523,2.4031
990,1711,"JUNIO",1.2731,2.1523,2.4031
991,1198,"JUNIO",1.0865,1.9399,2.212
992,1895,"JUNIO",1.0865,1.9399,2.212
993,1206,"JUNIO",1.0865,1.9399,2.212
994,1180,"JUNIO",1.0865,1.9399,2.212
995,1179,"JUNIO",1.0865,1.9399,2.212
996,41,"JULIO",1.1119,1.9894,2.2692
997,45,"JULIO",1.1119,1.9894,2.2692
998,40,"JULIO",1.1119,1.9894,2.2692
999,38,"JULIO",1.1119,1.9894,2.2692
1000,42,"JULIO",1.1119,1.9894,2.2692
1001,51,"JULIO",0.637,0.9997,1.356
1002,50,"JULIO",0.637,0.9997,1.356
1003,49,"JULIO",0.637,0.9997,1.356
1004,48,"JULIO",0.637,0.9997,1.356
1005,52,"JULIO",0.637,0.9997,1.356
1006,53,"JULIO",2.2268,2.8325,3.9949
1007,54,"JULIO",2.2268,2.8325,3.9949
1008,55,"JULIO",2.2268,2.8325,3.9949
1009,57,"JULIO",2.2268,2.8325,3.9949
1010,56,"JULIO",2.2268,2.8325,3.9949
1011,68,"JULIO",1.3038,2.2078,2.4657
1012,58,"JULIO",1.3038,2.2078,2.4657
1013,61,"JULIO",1.3038,2.2078,2.4657
1014,59,"JULIO",1.3038,2.2078,2.4657
1015,65,"JULIO",1.3038,2.2078,2.4657
1016,1241,"JULIO",1.0647,1.8619,2.0905
1017,109,"JULIO",1.0647,1.8619,2.0905
1018,1311,"JULIO",1.0647,1.8619,2.0905
1019,71,"JULIO",1.0647,1.8619,2.0905
1020,1579,"JULIO",1.0647,1.8619,2.0905
1021,143,"JULIO",1.0762,1.7225,2.0189
1022,163,"JULIO",1.0762,1.7225,2.0189
1023,159,"JULIO",1.0762,1.7225,2.0189
1024,150,"JULIO",1.0762,1.7225,2.0189
1025,1243,"JULIO",1.0762,1.7225,2.0189
1026,171,"JULIO",1.1774,1.9537,2.2878
1027,180,"JULIO",1.1656,1.9287,2.2578
1028,180,"JULIO",1.1688,1.9423,2.2712
1029,180,"JULIO",1.1774,1.9537,2.2878
1030,178,"JULIO",1.1688,1.9423,2.2712
1031,175,"JULIO",1.1774,1.9537,2.2878
1032,182,"JULIO",1.1656,1.9287,2.2578
1033,182,"JULIO",1.1688,1.9423,2.2712
1034,217,"JULIO",1.0759,1.6805,1.8253
1035,203,"JULIO",1.0759,1.6805,1.8253
1036,202,"JULIO",1.0759,1.6805,1.8253
1037,221,"JULIO",1.0759,1.6805,1.8253
1038,214,"JULIO",1.0759,1.6805,1.8253
1039,230,"JULIO",1.1095,1.9922,2.246
1040,226,"JULIO",1.1095,1.9922,2.246
1041,229,"JULIO",1.1095,1.9922,2.246
1042,231,"JULIO",1.1095,1.9922,2.246
1043,223,"JULIO",1.1095,1.9922,2.246
1044,243,"JULIO",1.0762,1.7225,2.0189
1045,249,"JULIO",1.0762,1.7225,2.0189
1046,256,"JULIO",1.0762,1.7225,2.0189
1047,263,"JULIO",1.0762,1.7225,2.0189
1048,235,"JULIO",1.0762,1.7225,2.0189
1049,285,"JULIO",1.1688,1.9423,2.2712
1050,1255,"JULIO",1.1688,1.9423,2.2712
1051,298,"JULIO",1.1656,1.9287,2.2578
1052,311,"JULIO",1.0161,1.8087,2.0497
1053,318,"JULIO",1.0161,1.8087,2.0497
1054,351,"JULIO",1.1119,1.9894,2.2692
1055,352,"JULIO",1.1095,1.9922,2.246
1056,369,"JULIO",1.1119,1.9894,2.2692
1057,324,"JULIO",1.1119,1.9894,2.2692
1058,325,"JULIO",1.1095,1.9922,2.246
1059,365,"JULIO",1.1119,1.9894,2.2692
1060,334,"JULIO",1.1119,1.9894,2.2692
1061,426,"JULIO",1.0161,1.8087,2.0497
1062,376,"JULIO",1.0161,1.8087,2.0497
1063,1361,"JULIO",1.0161,1.8087,2.0497
1064,387,"JULIO",1.0161,1.8087,2.0497
1065,421,"JULIO",1.1067,1.9931,2.252
1066,422,"JULIO",1.0161,1.8087,2.0497
1067,440,"JULIO",1.1067,1.9931,2.252
1068,1790,"JULIO",1.0535,1.7945,2.0825
1069,460,"JULIO",1.1067,1.9931,2.252
1070,457,"JULIO",1.0535,1.7945,2.0825
1071,451,"JULIO",1.0535,1.7945,2.0825
1072,496,"JULIO",1.068,1.9211,2.1639
1073,502,"JULIO",1.1095,1.9922,2.246
1074,503,"JULIO",1.1095,1.9922,2.246
1075,1604,"JULIO",1.068,1.9211,2.1639
1076,482,"JULIO",1.068,1.9211,2.1639
1077,501,"JULIO",1.068,1.9211,2.1639
1078,1571,"JULIO",1.1095,1.9922,2.246
1079,1576,"JULIO",1.1095,1.9922,2.246
1080,1622,"JULIO",1.1095,1.9922,2.246
1081,1800,"JULIO",1.1095,1.9922,2.246
1082,598,"JULIO",1.1095,1.9922,2.246
1083,618,"JULIO",1.0161,1.8087,2.0497
1084,620,"JULIO",1.0161,1.8087,2.0497
1085,628,"JULIO",1.0161,1.8087,2.0497
1086,613,"JULIO",1.0161,1.8087,2.0497
1087,627,"JULIO",1.0161,1.8087,2.0497
1088,643,"JULIO",1.068,1.9211,2.1639
1089,642,"JULIO",1.068,1.9211,2.1639
1090,653,"JULIO",1.068,1.9211,2.1639
1091,646,"JULIO",1.068,1.9211,2.1639
1092,652,"JULIO",1.068,1.9211,2.1639
1093,662,"JULIO",1.0535,1.7945,2.0825
1094,682,"JULIO",1.0759,1.6805,1.8253
1095,667,"JULIO",1.0759,1.6805,1.8253
1096,663,"JULIO",1.0759,1.6805,1.8253
1097,677,"JULIO",1.0759,1.6805,1.8253
1098,1632,"JULIO",1.0647,1.8619,2.0905
1099,2358,"JULIO",1.0647,1.8619,2.0905
1100,2165,"JULIO",1.0647,1.8619,2.0905
1101,2125,"JULIO",1.0647,1.8619,2.0905
1102,2195,"JULIO",1.0647,1.8619,2.0905
1103,791,"JULIO",1.1067,1.9931,2.252
1104,1853,"JULIO",1.1067,1.9931,2.252
1105,2541,"JULIO",1.1067,1.9931,2.252
1106,2516,"JULIO",1.1067,1.9931,2.252
1107,1671,"JULIO",1.1067,1.9931,2.252
1108,827,"JULIO",1.1119,1.9894,2.2692
1109,828,"JULIO",1.1119,1.9894,2.2692
1110,822,"JULIO",1.1119,1.9894,2.2692
1111,814,"JULIO",1.1119,1.9894,2.2692
1112,816,"JULIO",1.1119,1.9894,2.2692
1113,833,"JULIO",1.3038,2.2078,2.4657
1114,838,"JULIO",1.3038,2.2078,2.4657
1115,841,"JULIO",1.3038,2.2078,2.4657
1116,836,"JULIO",1.3038,2.2078,2.4657
1117,832,"JULIO",1.3038,2.2078,2.4657
1118,843,"JULIO",1.0535,1.7945,2.0825
1119,867,"JULIO",1.0535,1.7945,2.0825
1120,850,"JULIO",1.0535,1.7945,2.0825
1121,844,"JULIO",1.1119,1.9894,2.2692
1122,878,"JULIO",1.0535,1.7945,2.0825
1123,896,"JULIO",1.068,1.9211,2.1639
1124,897,"JULIO",1.0206,1.6472,1.8279
1125,893,"JULIO",1.0206,1.6472,1.8279
1126,905,"JULIO",1.0206,1.6472,1.8279
1127,901,"JULIO",1.0206,1.6472,1.8279
1128,903,"JULIO",1.0206,1.6472,1.8279
1129,1466,"JULIO",1.0206,1.6472,1.8279
1130,948,"JULIO",1.0206,1.6472,1.8279
1131,1469,"JULIO",1.0206,1.6472,1.8279
1132,923,"JULIO",1.0206,1.6472,1.8279
1133,959,"JULIO",1.0206,1.6472,1.8279
1134,975,"JULIO",1.0647,1.8619,2.0905
1135,961,"JULIO",1.0647,1.8619,2.0905
1136,969,"JULIO",1.0647,1.8619,2.0905
1137,962,"JULIO",0.9771,1.7323,1.9483
1138,963,"JULIO",1.0647,1.8619,2.0905
1139,976,"JULIO",1.0647,1.8619,2.0905
1140,983,"JULIO",1.0535,1.7945,2.0825
1141,979,"JULIO",1.0535,1.7945,2.0825
1142,989,"JULIO",1.0535,1.7945,2.0825
1143,996,"JULIO",1.0759,1.6805,1.8253
1144,1014,"JULIO",1.0535,1.7945,2.0825
1145,1026,"JULIO",1.1067,1.9931,2.252
1146,1023,"JULIO",1.1067,1.9931,2.252
1147,1069,"JULIO",1.1067,1.9931,2.252
1148,1060,"JULIO",1.1067,1.9931,2.252
1149,1033,"JULIO",1.1067,1.9931,2.252
1150,2623,"JULIO",0.9771,1.7323,1.9483
1151,1083,"JULIO",0.9771,1.7323,1.9483
1152,1870,"JULIO",0.9771,1.7323,1.9483
1153,2622,"JULIO",0.9771,1.7323,1.9483
1154,2573,"JULIO",0.9771,1.7323,1.9483
1155,2665,"JULIO",1.3038,2.2078,2.4657
1156,1176,"JULIO",1.3038,2.2078,2.4657
1157,1510,"JULIO",1.3038,2.2078,2.4657
1158,1140,"JULIO",1.3038,2.2078,2.4657
1159,1892,"JULIO",1.3038,2.2078,2.4657
1160,1191,"JULIO",1.1119,1.9894,2.2692
1161,1204,"JULIO",1.1119,1.9894,2.2692
1162,1217,"JULIO",1.1119,1.9894,2.2692
1163,1179,"JULIO",1.1119,1.9894,2.2692
1164,1221,"JULIO",1.1119,1.9894,2.2692
1165,44,"AGOSTO",1.1199,2.005,2.2872
1166,39,"AGOSTO",1.1199,2.005,2.2872
1167,46,"AGOSTO",1.1199,2.005,2.2872
1168,43,"AGOSTO",1.1199,2.005,2.2872
1169,38,"AGOSTO",1.1199,2.005,2.2872
1170,51,"AGOSTO",0.6409,1.0067,1.3661
1171,50,"AGOSTO",0.6409,1.0067,1.3661
1172,49,"AGOSTO",0.6409,1.0067,1.3661
1173,48,"AGOSTO",0.6409,1.0067,1.3661
1174,52,"AGOSTO",0.6409,1.0067,1.3661
1175,53,"AGOSTO",2.2445,2.8554,4.0279
1176,54,"AGOSTO",2.2445,2.8554,4.0279
1177,55,"AGOSTO",2.2445,2.8554,4.0279
1178,57,"AGOSTO",2.2445,2.8554,4.0279
1179,56,"AGOSTO",2.2445,2.8554,4.0279
1180,65,"AGOSTO",1.3134,2.2253,2.4855
1181,58,"AGOSTO",1.3134,2.2253,2.4855
1182,59,"AGOSTO",1.3134,2.2253,2.4855
1183,64,"AGOSTO",1.3134,2.2253,2.4855
1184,62,"AGOSTO",1.3134,2.2253,2.4855
1185,1235,"AGOSTO",1.0723,1.8764,2.107
1186,1342,"AGOSTO",1.0723,1.8764,2.107
1187,72,"AGOSTO",1.0723,1.8764,2.107
1188,1318,"AGOSTO",1.0723,1.8764,2.107
1189,1526,"AGOSTO",1.0723,1.8764,2.107
1190,1322,"AGOSTO",1.0839,1.7357,2.0347
1191,1243,"AGOSTO",1.0839,1.7357,2.0347
1192,1724,"AGOSTO",1.0839,1.7357,2.0347
1193,128,"AGOSTO",1.0839,1.7357,2.0347
1194,123,"AGOSTO",1.0839,1.7357,2.0347
1195,174,"AGOSTO",1.186,1.969,2.306
1196,172,"AGOSTO",1.1741,1.9438,2.2757
1197,172,"AGOSTO",1.1773,1.9575,2.2893
1198,175,"AGOSTO",1.186,1.969,2.306
1199,180,"AGOSTO",1.1741,1.9438,2.2757
1200,180,"AGOSTO",1.1773,1.9575,2.2893
1201,180,"AGOSTO",1.186,1.969,2.306
1202,213,"AGOSTO",1.0835,1.6934,1.8395
1203,2690,"AGOSTO",1.0835,1.6934,1.8395
1204,207,"AGOSTO",1.0835,1.6934,1.8395
1205,212,"AGOSTO",1.1199,2.005,2.2872
1206,203,"AGOSTO",1.0835,1.6934,1.8395
1207,223,"AGOSTO",1.0835,1.6934,1.8395
1208,230,"AGOSTO",1.1174,2.0078,2.2639
1209,231,"AGOSTO",1.1174,2.0078,2.2639
1210,228,"AGOSTO",1.1174,2.0078,2.2639
1211,229,"AGOSTO",1.1174,2.0078,2.2639
1212,268,"AGOSTO",1.0839,1.7357,2.0347
1213,269,"AGOSTO",1.0839,1.7357,2.0347
1214,239,"AGOSTO",1.0839,1.7357,2.0347
1215,270,"AGOSTO",1.0839,1.7357,2.0347
1216,242,"AGOSTO",1.0839,1.7357,2.0347
1217,1352,"AGOSTO",1.0233,1.8227,2.0658
1218,1996,"AGOSTO",1.0233,1.8227,2.0658
1219,1255,"AGOSTO",1.1773,1.9575,2.2893
1220,307,"AGOSTO",1.186,1.969,2.306
1221,1590,"AGOSTO",1.186,1.969,2.306
1222,331,"AGOSTO",1.1199,2.005,2.2872
1223,328,"AGOSTO",1.1199,2.005,2.2872
1224,357,"AGOSTO",1.1199,2.005,2.2872
1225,346,"AGOSTO",1.1199,2.005,2.2872
1226,347,"AGOSTO",1.1199,2.005,2.2872
1227,1270,"AGOSTO",1.0233,1.8227,2.0658
1228,399,"AGOSTO",1.0233,1.8227,2.0658
1229,421,"AGOSTO",1.1146,2.0087,2.2699
1230,422,"AGOSTO",1.0233,1.8227,2.0658
1231,396,"AGOSTO",1.0233,1.8227,2.0658
1232,397,"AGOSTO",1.0233,1.8227,2.0658
1233,382,"AGOSTO",1.0233,1.8227,2.0658
1234,446,"AGOSTO",1.0233,1.8227,2.0658
1235,447,"AGOSTO",1.1146,2.0087,2.2699
1236,429,"AGOSTO",1.1146,2.0087,2.2699
1237,462,"AGOSTO",1.1146,2.0087,2.2699
1238,471,"AGOSTO",1.061,1.8084,2.0989
1239,2804,"AGOSTO",1.061,1.8084,2.0989
1240,2020,"AGOSTO",1.1174,2.0078,2.2639
1241,2021,"AGOSTO",1.1174,2.0078,2.2639
1242,485,"AGOSTO",1.1174,2.0078,2.2639
1243,1566,"AGOSTO",1.0756,1.9361,2.181
1244,1303,"AGOSTO",1.0756,1.9361,2.181
1245,1297,"AGOSTO",1.1174,2.0078,2.2639
1246,1298,"AGOSTO",1.1174,2.0078,2.2639
1247,549,"AGOSTO",1.1174,2.0078,2.2639
1248,581,"AGOSTO",1.1174,2.0078,2.2639
1249,587,"AGOSTO",1.1174,2.0078,2.2639
1250,570,"AGOSTO",1.1174,2.0078,2.2639
1251,2031,"AGOSTO",1.1174,2.0078,2.2639
1252,634,"AGOSTO",1.0233,1.8227,2.0658
1253,608,"AGOSTO",1.0233,1.8227,2.0658
1254,629,"AGOSTO",1.0233,1.8227,2.0658
1255,631,"AGOSTO",1.0233,1.8227,2.0658
1256,627,"AGOSTO",1.0233,1.8227,2.0658
1257,641,"AGOSTO",1.0756,1.9361,2.181
1258,645,"AGOSTO",1.0756,1.9361,2.181
1259,646,"AGOSTO",1.0756,1.9361,2.181
1260,647,"AGOSTO",1.0756,1.9361,2.181
1261,651,"AGOSTO",1.0756,1.9361,2.181
1262,692,"AGOSTO",1.0835,1.6934,1.8395
1263,689,"AGOSTO",1.0835,1.6934,1.8395
1264,671,"AGOSTO",1.0835,1.6934,1.8395
1265,660,"AGOSTO",1.0835,1.6934,1.8395
1266,705,"AGOSTO",1.0835,1.6934,1.8395
1267,2353,"AGOSTO",1.0723,1.8764,2.107
1268,2232,"AGOSTO",1.0723,1.8764,2.107
1269,2233,"AGOSTO",1.0723,1.8764,2.107
1270,2156,"AGOSTO",1.0723,1.8764,2.107
1271,2177,"AGOSTO",0.9839,1.7457,1.9636
1272,1839,"AGOSTO",0.9839,1.7457,1.9636
1273,2549,"AGOSTO",1.1146,2.0087,2.2699
1274,1673,"AGOSTO",0.9839,1.7457,1.9636
1275,2522,"AGOSTO",1.1146,2.0087,2.2699
1276,2523,"AGOSTO",0.9839,1.7457,1.9636
1277,1848,"AGOSTO",1.1146,2.0087,2.2699
1278,830,"AGOSTO",1.1199,2.005,2.2872
1279,827,"AGOSTO",1.1199,2.005,2.2872
1280,823,"AGOSTO",1.061,1.8084,2.0989
1281,824,"AGOSTO",1.1199,2.005,2.2872
1282,821,"AGOSTO",1.1199,2.005,2.2872
1283,836,"AGOSTO",1.3134,2.2253,2.4855
1284,832,"AGOSTO",1.3134,2.2253,2.4855
1285,835,"AGOSTO",1.3134,2.2253,2.4855
1286,837,"AGOSTO",1.3134,2.2253,2.4855
1287,841,"AGOSTO",1.3134,2.2253,2.4855
1288,879,"AGOSTO",1.061,1.8084,2.0989
1289,851,"AGOSTO",1.1199,2.005,2.2872
1290,852,"AGOSTO",1.061,1.8084,2.0989
1291,1675,"AGOSTO",1.061,1.8084,2.0989
1292,868,"AGOSTO",1.061,1.8084,2.0989
1293,898,"AGOSTO",1.0278,1.6599,1.8421
1294,902,"AGOSTO",1.0278,1.6599,1.8421
1295,906,"AGOSTO",1.0278,1.6599,1.8421
1296,900,"AGOSTO",1.0278,1.6599,1.8421
1297,892,"AGOSTO",1.0278,1.6599,1.8421
1298,2570,"AGOSTO",1.0278,1.6599,1.8421
1299,946,"AGOSTO",1.0278,1.6599,1.8421
1300,1680,"AGOSTO",1.0278,1.6599,1.8421
1301,918,"AGOSTO",1.0278,1.6599,1.8421
1302,959,"AGOSTO",1.0278,1.6599,1.8421
1303,964,"AGOSTO",1.0723,1.8764,2.107
1304,971,"AGOSTO",1.0723,1.8764,2.107
1305,968,"AGOSTO",1.0723,1.8764,2.107
1306,962,"AGOSTO",0.9839,1.7457,1.9636
1307,963,"AGOSTO",1.0723,1.8764,2.107
1308,974,"AGOSTO",1.0723,1.8764,2.107
1309,993,"AGOSTO",1.061,1.8084,2.0989
1310,1016,"AGOSTO",1.0835,1.6934,1.8395
1311,997,"AGOSTO",1.061,1.8084,2.0989
1312,1017,"AGOSTO",1.061,1.8084,2.0989
1313,999,"AGOSTO",1.0835,1.6934,1.8395
1314,1045,"AGOSTO",1.1146,2.0087,2.2699
1315,1069,"AGOSTO",1.1146,2.0087,2.2699
1316,1041,"AGOSTO",1.1146,2.0087,2.2699
1317,1034,"AGOSTO",1.1146,2.0087,2.2699
1318,1863,"AGOSTO",1.1146,2.0087,2.2699
1319,1697,"AGOSTO",0.9839,1.7457,1.9636
1320,1116,"AGOSTO",1.1146,2.0087,2.2699
1321,1117,"AGOSTO",0.9839,1.7457,1.9636
1322,1865,"AGOSTO",0.9839,1.7457,1.9636
1323,2604,"AGOSTO",0.9839,1.7457,1.9636
1324,2593,"AGOSTO",1.061,1.8084,2.0989
1325,1173,"AGOSTO",1.3134,2.2253,2.4855
1326,2661,"AGOSTO",1.3134,2.2253,2.4855
1327,1511,"AGOSTO",1.3134,2.2253,2.4855
1328,1893,"AGOSTO",1.3134,2.2253,2.4855
1329,1174,"AGOSTO",1.3134,2.2253,2.4855
1330,1204,"AGOSTO",1.1199,2.005,2.2872
1331,1196,"AGOSTO",1.1199,2.005,2.2872
1332,1198,"AGOSTO",1.1199,2.005,2.2872
1333,1191,"AGOSTO",1.1199,2.005,2.2872
1334,1202,"AGOSTO",1.1199,2.005,2.2872
1335,47,"SEPTIEMBRE",1.1199,2.0051,2.2873
1336,39,"SEPTIEMBRE",1.1199,2.0051,2.2873
1337,40,"SEPTIEMBRE",1.1199,2.0051,2.2873
1338,41,"SEPTIEMBRE",1.1199,2.0051,2.2873
1339,37,"SEPTIEMBRE",1.1199,2.0051,2.2873
1340,51,"SEPTIEMBRE",0.6409,1.0068,1.3662
1341,50,"SEPTIEMBRE",0.6409,1.0068,1.3662
1342,49,"SEPTIEMBRE",0.6409,1.0068,1.3662
1343,48,"SEPTIEMBRE",0.6409,1.0068,1.3662
1344,52,"SEPTIEMBRE",0.6409,1.0068,1.3662
1345,2805,"SEPTIEMBRE",0.6409,1.0068,1.3662
1346,54,"SEPTIEMBRE",2.2446,2.8556,4.0281
1347,55,"SEPTIEMBRE",2.2446,2.8556,4.0281
1348,57,"SEPTIEMBRE",2.2446,2.8556,4.0281
1349,56,"SEPTIEMBRE",2.2446,2.8556,4.0281
1350,61,"SEPTIEMBRE",1.3135,2.2254,2.4856
1351,64,"SEPTIEMBRE",1.3135,2.2254,2.4856
1352,63,"SEPTIEMBRE",1.3135,2.2254,2.4856
1353,111,"SEPTIEMBRE",1.0723,1.8765,2.1071
1354,83,"SEPTIEMBRE",1.0723,1.8765,2.1071
1355,95,"SEPTIEMBRE",1.0723,1.8765,2.1071
1356,131,"SEPTIEMBRE",1.084,1.7358,2.0348
1357,141,"SEPTIEMBRE",1.084,1.7358,2.0348
1358,155,"SEPTIEMBRE",1.084,1.7358,2.0348
1359,169,"SEPTIEMBRE",1.1774,1.9576,2.2894
1360,175,"SEPTIEMBRE",1.186,1.9691,2.3062
1361,182,"SEPTIEMBRE",1.1742,1.9439,2.2758
1362,182,"SEPTIEMBRE",1.1774,1.9576,2.2894
1363,185,"SEPTIEMBRE",1.084,1.7358,2.0348
1364,188,"SEPTIEMBRE",1.0836,1.6935,1.8396
1365,221,"SEPTIEMBRE",1.0836,1.6935,1.8396
1366,226,"SEPTIEMBRE",1.1175,2.0079,2.264
1367,231,"SEPTIEMBRE",1.1175,2.0079,2.264
1368,229,"SEPTIEMBRE",1.1175,2.0079,2.264
1369,242,"SEPTIEMBRE",1.084,1.7358,2.0348
1370,243,"SEPTIEMBRE",1.084,1.7358,2.0348
1371,265,"SEPTIEMBRE",1.084,1.7358,2.0348
1372,1898,"SEPTIEMBRE",1.0233,1.8228,2.0659
1373,1533,"SEPTIEMBRE",1.1742,1.9439,2.2758
1374,298,"SEPTIEMBRE",1.1742,1.9439,2.2758
1375,351,"SEPTIEMBRE",1.1199,2.0051,2.2873
1376,352,"SEPTIEMBRE",1.1175,2.0079,2.264
1377,353,"SEPTIEMBRE",1.1199,2.0051,2.2873
1378,347,"SEPTIEMBRE",1.1199,2.0051,2.2873
1379,420,"SEPTIEMBRE",1.0233,1.8228,2.0659
1380,427,"SEPTIEMBRE",1.0233,1.8228,2.0659
1381,1595,"SEPTIEMBRE",1.0233,1.8228,2.0659
1382,434,"SEPTIEMBRE",1.1147,2.0088,2.27
1383,1549,"SEPTIEMBRE",1.1147,2.0088,2.27
1384,479,"SEPTIEMBRE",1.1147,2.0088,2.27
1385,538,"SEPTIEMBRE",1.0757,1.9362,2.1811
1386,483,"SEPTIEMBRE",1.1199,2.0051,2.2873
1387,484,"SEPTIEMBRE",1.1175,2.0079,2.264
1388,1556,"SEPTIEMBRE",1.0757,1.9362,2.1811
1389,1802,"SEPTIEMBRE",1.1175,2.0079,2.264
1390,554,"SEPTIEMBRE",1.1175,2.0079,2.264
1391,1386,"SEPTIEMBRE",1.1175,2.0079,2.264
1392,616,"SEPTIEMBRE",1.0233,1.8228,2.0659
1393,618,"SEPTIEMBRE",1.0233,1.8228,2.0659
1394,615,"SEPTIEMBRE",1.0233,1.8228,2.0659
1395,641,"SEPTIEMBRE",1.0757,1.9362,2.1811
1396,653,"SEPTIEMBRE",1.0757,1.9362,2.1811
1397,650,"SEPTIEMBRE",1.0757,1.9362,2.1811
1398,688,"SEPTIEMBRE",1.0836,1.6935,1.8396
1399,680,"SEPTIEMBRE",1.0836,1.6935,1.8396
1400,677,"SEPTIEMBRE",1.0836,1.6935,1.8396
1401,2303,"SEPTIEMBRE",1.0723,1.8765,2.1071
1402,2205,"SEPTIEMBRE",1.0723,1.8765,2.1071
1403,1814,"SEPTIEMBRE",1.0723,1.8765,2.1071
1404,1445,"SEPTIEMBRE",1.1147,2.0088,2.27
1405,804,"SEPTIEMBRE",1.1147,2.0088,2.27
1406,1844,"SEPTIEMBRE",1.1147,2.0088,2.27
1407,821,"SEPTIEMBRE",1.1199,2.0051,2.2873
1408,813,"SEPTIEMBRE",1.1199,2.0051,2.2873
1409,825,"SEPTIEMBRE",1.1199,2.0051,2.2873
1410,837,"SEPTIEMBRE",1.3135,2.2254,2.4856
1411,833,"SEPTIEMBRE",1.3135,2.2254,2.4856
1412,835,"SEPTIEMBRE",1.3135,2.2254,2.4856
1413,872,"SEPTIEMBRE",1.061,1.8085,2.099
1414,856,"SEPTIEMBRE",1.061,1.8085,2.099
1415,870,"SEPTIEMBRE",1.061,1.8085,2.099
1416,904,"SEPTIEMBRE",1.0279,1.6599,1.8422
1417,910,"SEPTIEMBRE",1.0279,1.6599,1.8422
1418,909,"SEPTIEMBRE",1.0279,1.6599,1.8422
1419,958,"SEPTIEMBRE",1.0279,1.6599,1.8422
1420,931,"SEPTIEMBRE",1.0279,1.6599,1.8422
1421,912,"SEPTIEMBRE",1.0279,1.6599,1.8422
1422,965,"SEPTIEMBRE",1.0723,1.8765,2.1071
1423,969,"SEPTIEMBRE",1.0723,1.8765,2.1071
1424,976,"SEPTIEMBRE",1.0723,1.8765,2.1071
1425,1010,"SEPTIEMBRE",1.0836,1.6935,1.8396
1426,1017,"SEPTIEMBRE",1.061,1.8085,2.099
1427,984,"SEPTIEMBRE",1.061,1.8085,2.099
1428,1682,"SEPTIEMBRE",1.1147,2.0088,2.27
1429,1475,"SEPTIEMBRE",1.1147,2.0088,2.27
1430,1026,"SEPTIEMBRE",1.1147,2.0088,2.27
1431,1480,"SEPTIEMBRE",1.061,1.8085,2.099
1432,1481,"SEPTIEMBRE",1.061,1.8085,2.099
1433,1103,"SEPTIEMBRE",0.984,1.7458,1.9637
1434,2655,"SEPTIEMBRE",0.984,1.7458,1.9637
1435,1888,"SEPTIEMBRE",1.3135,2.2254,2.4856
1436,1155,"SEPTIEMBRE",1.3135,2.2254,2.4856
1437,1153,"SEPTIEMBRE",1.3135,2.2254,2.4856
1438,1197,"SEPTIEMBRE",1.1199,2.0051,2.2873
1439,1210,"SEPTIEMBRE",1.1199,2.0051,2.2873
1440,1208,"SEPTIEMBRE",1.1199,2.0051,2.2873
